Loan Name,Loan Id,Deal Id,Loan Advance Date,Loan End Date,Fraction of Investment Split,Loan Split Amount Percentage,Loan Status,Loan Amount,Monetary Amount,Loan Parts in Loan,Loan ID
Westfield Lane (Land) BD10 Tranche-2,1180,1217,20/8/2021,18/10/2024,105000*12969080/5012647113,0.26%,Performing,"£129,690.80",£2.72,25,Westfield 
Dagmar Road (Land) N4 Tranche-2,1181,1218,18/8/2021,3/11/2023,105000*156557/5012647113,0%,Pending Status Update,"£1,565.57",£0.03,19,Dagmar Roa
Westfield Lane (Land) BD10 Tranche-3,1278,1315,28/9/2021,18/10/2024,105000*3423373/5012647113,0.07%,Performing,"£34,233.73",£0.72,25,Westfield 
Westfield Lane (Land) BD10 Tranche-1,1312,1349,1/6/2021,18/10/2024,105000*3375000/5012647113,0.07%,Performing,"£33,750.00",£0.71,25,Westfield 
Dagmar Road (Land) N4 Tranche-1,1313,1350,21/4/2021,3/11/2023,105000*8652739/5012647113,0.17%,Pending Status Update,"£86,527.39",£1.81,19,Dagmar Roa
Westfield Lane (Land) BD10 Tranche-5,1332,1369,23/11/2021,18/10/2024,105000*13548196/5012647113,0.27%,Performing,"£135,481.96",£2.84,25,Westfield 
Westfield Lane (Land) BD10 Tranche-6,1396,1425,22/12/2021,18/10/2024,105000*24971841/5012647113,0.50%,Performing,"£249,718.41",£5.23,25,Westfield 
Dagmar Road (Land) N4 Tranche-3,1404,1433,22/12/2021,3/11/2023,105000*5026238/5012647113,0.10%,Pending Status Update,"£50,262.38",£1.05,19,Dagmar Roa
Westfield Lane (Land) BD10 Tranche-7,1450,1473,25/1/2022,18/10/2024,105000*3966899/5012647113,0.08%,Performing,"£39,668.99",£0.83,25,Westfield 
Dagmar Road (Land) N4 Tranche-5,1498,1519,28/2/2022,3/11/2023,105000*19754089/5012647113,0.39%,Pending Status Update,"£197,540.89",£4.14,19,Dagmar Roa
Westfield Lane (Land) BD10 Tranche-9,1533,1549,22/3/2022,18/10/2024,105000*31325413/5012647113,0.62%,Performing,"£313,254.13",£6.56,25,Westfield 
Dagmar Road (Land) N4 Tranche-6,1545,1557,28/3/2022,3/11/2023,105000*2941048/5012647113,0.06%,Pending Status Update,"£29,410.48",£0.62,19,Dagmar Roa
Bolsover Street NG15 Tranche-1,1594,1602,29/4/2022,28/10/2023,105000*20334541/5012647113,0.41%,Performing,"£203,345.41",£4.26,8,Bolsover S
Tudor Cottage WD3,1616,1624,16/5/2022,23/10/2023,105000*15487740/5012647113,0.31%,Default,"£154,877.40",£3.24,1,Tudor Cott
Trelonk Farm (Land & Buildings) TR2,1632,1640,27/5/2022,26/5/2024,105000*19260153/5012647113,0.38%,Performing,"£192,601.53",£4.03,2,Trelonk Fa
Westfield Lane (Land) BD10 Tranche-11,1644,1649,26/5/2022,18/10/2024,105000*13504576/5012647113,0.27%,Performing,"£135,045.76",£2.83,25,Westfield 
Yarmouth Road NR7 Tranche-10,1465,1488,20/12/2021,30/11/2023,105000*2000000/5012647113,0.04%,Performing,"£20,000.00",£0.42,18,Yarmouth R
Yarmouth Road NR7 Tranche-5,1057,1099,27/5/2021,30/11/2023,105000*11611565/5012647113,0.23%,Performing,"£116,115.65",£2.43,18,Yarmouth R
Yarmouth Road NR7 Tranche-4,1003,1045,21/4/2021,30/11/2023,105000*9391219/5012647113,0.19%,Performing,"£93,912.19",£1.97,18,Yarmouth R
Yarmouth Road NR7 Tranche-15,1645,1650,31/5/2022,30/11/2023,105000*30767562/5012647113,0.61%,Performing,"£307,675.62",£6.44,18,Yarmouth R
Dagmar Road (Land) N4 Tranche-9,1689,1692,23/6/2022,3/11/2023,105000*6879698/5012647113,0.14%,Pending Status Update,"£68,796.98",£1.44,19,Dagmar Roa
Westfield Lane (Land) BD10 Tranche-12,1718,1721,30/6/2022,18/10/2024,105000*13205292/5012647113,0.26%,Performing,"£132,052.92",£2.77,25,Westfield 
Folkestone Road CT17 Tranche-1,1720,1723,28/6/2022,27/12/2023,105000*22502424/5012647113,0.45%,Performing,"£225,024.24",£4.71,9,Folkestone
Grain Road ME3,1736,1739,18/7/2022,17/1/2024,105000*18200000/5012647113,0.36%,Performing,"£182,000.00",£3.81,1,Grain Road
Northwick Road - TA9 Tranche-2,1747,1750,27/7/2022,23/6/2024,105000*3928190/5012647113,0.08%,Performing,"£39,281.90",£0.82,12,Northwick 
Westfield Lane (Land) BD10 Tranche-13,1749,1752,18/7/2022,18/10/2024,105000*21813129/5012647113,0.44%,Performing,"£218,131.29",£4.57,25,Westfield 
Mill Road CT3,1750,1753,26/7/2022,3/11/2023,105000*20870698/5012647113,0.42%,Pending Status Update,"£208,706.98",£4.37,1,Mill Road 
Dagmar Road (Land) N4 Tranche-10,1771,1774,2/8/2022,3/11/2023,105000*6181908/5012647113,0.12%,Pending Status Update,"£61,819.08",£1.29,19,Dagmar Roa
Curtis Road TW4 Tranche-2,1813,1816,23/8/2022,3/11/2023,105000*4442747/5012647113,0.09%,Default,"£44,427.47",£0.93,4,Curtis Roa
Chapelgate DN22 Tranche-2,1829,1832,22/7/2022,29/12/2023,105000*9119693/5012647113,0.18%,Performing,"£91,196.93",£1.91,12,Chapelgate
Westfield Lane (Land) BD10 Tranche-14,1830,1833,25/8/2022,18/10/2024,105000*42848791/5012647113,0.85%,Performing,"£428,487.91",£8.98,25,Westfield 
32-38 Piccadilly ST1 Tranche-1,1851,1854,6/9/2022,5/3/2024,105000*23951353/5012647113,0.48%,Performing,"£239,513.53",£5.02,3,32-38 Picc
Westfield Lane (Land) BD10 Tranche-15,1879,1882,23/9/2022,18/10/2024,105000*45358598/5012647113,0.90%,Performing,"£453,585.98",£9.50,25,Westfield 
Dagmar Road (Land) N4 Tranche-12,1894,1897,7/10/2022,3/11/2023,105000*4300452/5012647113,0.09%,Pending Status Update,"£43,004.52",£0.90,19,Dagmar Roa
Yarmouth Road NR7 Tranche-19,1913,1916,6/9/2022,30/11/2023,105000*7229058/5012647113,0.14%,Performing,"£72,290.58",£1.51,18,Yarmouth R
Folkestone Road CT17 Tranche-4,1915,1918,14/10/2022,27/12/2023,105000*8773146/5012647113,0.18%,Performing,"£87,731.46",£1.84,9,Folkestone
Westfield Lane (Land) BD10 Tranche-16,1938,1938,3/11/2022,18/10/2024,105000*35410078/5012647113,0.71%,Performing,"£354,100.78",£7.42,25,Westfield 
Curtis Road TW4 Tranche-4,1956,1956,11/11/2022,3/11/2023,105000*5628593/5012647113,0.11%,Default,"£56,285.93",£1.18,4,Curtis Roa
Dagmar Road (Land) N4 Tranche-13,1957,1957,11/11/2022,3/11/2023,105000*3801974/5012647113,0.08%,Pending Status Update,"£38,019.74",£0.80,19,Dagmar Roa
Bolsover Street NG15 Tranche-3,1959,1959,25/10/2022,2/11/2023,105000*15377773/5012647113,0.31%,Performing,"£153,777.73",£3.22,8,Bolsover S
Chapelgate DN22 Tranche-5,1964,1964,10/11/2022,29/12/2023,105000*5051424/5012647113,0.10%,Performing,"£50,514.24",£1.06,12,Chapelgate
Rushes Mead CM18,1967,1967,20/10/2022,19/10/2023,105000*11482429/5012647113,0.23%,Performing,"£114,824.29",£2.41,1,Rushes Mea
Lawn Road (Land) DA11 Tranche-4,1972,1972,11/11/2022,19/10/2023,105000*3583985/5012647113,0.07%,Performing,"£35,839.85",£0.75,3,Lawn Road 
Northwick Road - TA9 Tranche-5,1978,1978,2/11/2022,23/6/2024,105000*3224109/5012647113,0.06%,Performing,"£32,241.09",£0.68,12,Northwick 
Stramshall Road ST14,1979,1979,27/10/2022,26/10/2023,105000*19057737/5012647113,0.38%,Performing,"£190,577.37",£3.99,1,Stramshall
Aylesbury Street MK2,1980,1980,4/11/2022,3/11/2023,105000*31387790/5012647113,0.63%,Performing,"£313,877.90",£6.57,1,Aylesbury 
Llywernog SY23 Tranche-1,1995,1995,4/11/2022,3/11/2023,105000*9329029/5012647113,0.19%,Performing,"£93,290.29",£1.95,1,Llywernog 
Bolsover Street NG15 Tranche-2,2014,2014,25/10/2022,2/11/2023,105000*8047275/5012647113,0.16%,Performing,"£80,472.75",£1.69,8,Bolsover S
Yarmouth Road NR7 Tranche-1,1039,1081,20/11/2020,30/11/2023,105000*82497940/5012647113,1.65%,Performing,"£824,979.40",£17.28,18,Yarmouth R
Station Road LS27 Tranche-1,2022,2022,3/3/2022,12/1/2024,105000*3159853/5012647113,0.06%,Performing,"£31,598.53",£0.66,2,Station Ro
Westfield Lane (Land) BD10 Tranche-17,2033,2033,24/11/2022,18/10/2024,105000*14516024/5012647113,0.29%,Performing,"£145,160.24",£3.04,25,Westfield 
Yarmouth Road NR7 Tranche-21,2035,2035,6/12/2022,30/11/2023,105000*1379723/5012647113,0.03%,Performing,"£13,797.23",£0.29,18,Yarmouth R
Yarmouth Road NR7 Tranche-22,2053,2053,19/12/2022,30/11/2023,105000*6689103/5012647113,0.13%,Performing,"£66,891.03",£1.40,18,Yarmouth R
Westfield Lane (Land) BD10 Tranche-18,2055,2055,16/12/2022,18/10/2024,105000*20069769/5012647113,0.40%,Performing,"£200,697.69",£4.20,25,Westfield 
Chapelgate DN22 Tranche-6,2056,2056,9/12/2022,29/12/2023,105000*21790651/5012647113,0.43%,Performing,"£217,906.51",£4.56,12,Chapelgate
Bolsover Street NG15 Tranche-4,2057,2057,15/12/2022,2/11/2023,105000*12759094/5012647113,0.25%,Performing,"£127,590.94",£2.67,8,Bolsover S
Dagmar Road (Land) N4 Tranche-15,2060,2060,21/12/2022,3/11/2023,105000*5997711/5012647113,0.12%,Pending Status Update,"£59,977.11",£1.26,19,Dagmar Roa
Northwick Road - TA9 Tranche-4,2070,2070,29/9/2022,23/6/2024,105000*3157895/5012647113,0.06%,Performing,"£31,578.95",£0.66,12,Northwick 
Curtis Road TW4 Tranche-3,2071,2071,29/9/2022,3/11/2023,105000*2631580/5012647113,0.05%,Default,"£26,315.80",£0.55,4,Curtis Roa
Chapelgate DN22 Tranche-4,2072,2072,29/9/2022,29/12/2023,105000*2631580/5012647113,0.05%,Performing,"£26,315.80",£0.55,12,Chapelgate
Dagmar Road (Land) N4 Tranche-16,2081,2081,26/1/2023,3/11/2023,105000*10348891/5012647113,0.21%,Pending Status Update,"£103,488.91",£2.17,19,Dagmar Roa
Chapelgate DN22 Tranche-3,1850,1853,5/9/2022,29/12/2023,105000*12572078/5012647113,0.25%,Performing,"£125,720.78",£2.63,12,Chapelgate
East Avenue UB3,2108,2108,6/9/2022,5/3/2024,105000*6210527/5012647113,0.12%,Performing,"£62,105.27",£1.30,1,East Avenu
Yarmouth Road NR7 Tranche-23,2109,2109,8/2/2023,30/11/2023,105000*3604502/5012647113,0.07%,Performing,"£36,045.02",£0.76,18,Yarmouth R
Chapelgate DN22 Tranche-7,2118,2118,9/2/2023,29/12/2023,105000*12999419/5012647113,0.26%,Performing,"£129,994.19",£2.72,12,Chapelgate
Northwick Road - TA9 Tranche-7,2120,2120,27/1/2023,23/6/2024,105000*3596986/5012647113,0.07%,Performing,"£35,969.86",£0.75,12,Northwick 
Ward Street DE22 Tranche-1,2122,2122,20/2/2023,19/2/2024,105000*1821791/5012647113,0.04%,Performing,"£18,217.91",£0.38,3,Ward Stree
Folkestone Road CT17 Tranche-7,2124,2124,6/2/2023,27/12/2023,105000*4224250/5012647113,0.08%,Performing,"£42,242.50",£0.88,9,Folkestone
Hollyfield Ave (Land) HD3 Tier-2 -Tranche-5,2126,2126,10/2/2023,17/3/2024,105000*4584934/5012647113,0.09%,Performing,"£45,849.34",£0.96,18,Hollyfield
Westfield Lane (Land) BD10 Tier-2-Tranche-2,2127,2127,10/2/2023,18/10/2024,105000*6448026/5012647113,0.13%,Performing,"£64,480.26",£1.35,25,Westfield 
Gladstone Street NP11,2140,2140,21/2/2023,20/2/2024,105000*5776328/5012647113,0.12%,Performing,"£57,763.28",£1.21,1,Gladstone 
Cranmere Court ME2 Tranche-1,2141,2141,28/2/2023,27/2/2024,105000*5152525/5012647113,0.10%,Performing,"£51,525.25",£1.08,4,Cranmere C
London Road DE1 Tranche-2,2142,2142,15/2/2023,5/4/2024,105000*4694476/5012647113,0.09%,Performing,"£46,944.76",£0.98,9,London Roa
Lawn Road (Land) DA11 Tranche-6,2148,2148,20/2/2023,19/10/2023,105000*11128865/5012647113,0.22%,Performing,"£111,288.65",£2.33,3,Lawn Road 
Garden Court NW8 Tier-3,2149,2149,22/2/2023,21/2/2024,105000*26768330/5012647113,0.53%,Performing,"£267,683.30",£5.61,1,Garden Cou
Dagmar Road (Land) N4 Tranche-17,2155,2155,23/2/2023,3/11/2023,105000*10819666/5012647113,0.22%,Pending Status Update,"£108,196.66",£2.27,19,Dagmar Roa
Shrewton Road BA12 Tranche-2,2159,2159,23/2/2023,29/1/2024,105000*5740868/5012647113,0.11%,Performing,"£57,408.68",£1.20,14,Shrewton R
Yarmouth Road NR7 Tranche-24,2171,2171,6/3/2023,30/11/2023,105000*7800922/5012647113,0.16%,Performing,"£78,009.22",£1.63,18,Yarmouth R
Dagmar Road (Land) N4 Tranche-18,2173,2173,7/3/2023,3/11/2023,105000*1240000/5012647113,0.02%,Pending Status Update,"£12,400.00",£0.26,19,Dagmar Roa
Hollyfield Ave (Land) HD3 Tier-2 - Tranche-6,2181,2181,13/3/2023,17/3/2024,105000*3947257/5012647113,0.08%,Performing,"£39,472.57",£0.83,18,Hollyfield
Chapelgate DN22 Tranche-8,2185,2185,28/2/2023,29/12/2023,105000*22033940/5012647113,0.44%,Performing,"£220,339.40",£4.62,12,Chapelgate
Bolsover Street NG15 Tranche-5,2186,2186,7/3/2023,2/11/2023,105000*4755925/5012647113,0.09%,Performing,"£47,559.25",£1,8,Bolsover S
Northwick Road - TA9 Tranche-8,2187,2187,3/3/2023,23/6/2024,105000*6047270/5012647113,0.12%,Performing,"£60,472.70",£1.27,12,Northwick 
Claypit Lane B70,2188,2188,20/2/2023,19/2/2024,105000*8869342/5012647113,0.18%,Performing,"£88,693.42",£1.86,1,Claypit La
Blakesfield Drive B45 Tranche-1 Tier-2,2202,2202,15/2/2023,14/2/2024,105000*6116687/5012647113,0.12%,Performing,"£61,166.87",£1.28,1,Blakesfiel
Chapel Lane PR7 Tranche-2,2203,2203,31/3/2023,30/7/2024,105000*18778058/5012647113,0.37%,Performing,"£187,780.58",£3.93,6,Chapel Lan
Bolton Road BL5,2204,2204,6/3/2023,5/3/2024,105000*38348251/5012647113,0.77%,Performing,"£383,482.51",£8.03,1,Bolton Roa
Shrewton Road (Land) L25 Tranche-2,2206,2206,13/3/2023,18/3/2024,105000*14473064/5012647113,0.29%,Performing,"£144,730.64",£3.03,14,Shrewton R
Richmond Row L3 Tranche-2,2208,2208,13/3/2023,5/6/2024,105000*34751126/5012647113,0.69%,Performing,"£347,511.26",£7.28,7,Richmond R
Loughborough Road NG2 Tranche-4,2209,2209,16/3/2023,27/2/2024,105000*6053949/5012647113,0.12%,Performing,"£60,539.49",£1.27,4,Loughborou
Parliament Street DE11 Tranche-1,2210,2210,1/3/2023,31/5/2024,105000*1632260/5012647113,0.03%,Performing,"£16,322.60",£0.34,6,Parliament
Shrewton Road (Land) L25 Tranche-4,2214,2214,24/3/2023,18/3/2024,105000*7169066/5012647113,0.14%,Performing,"£71,690.66",£1.50,14,Shrewton R
Bourne Street NG4 Tranche-1,2220,2220,30/3/2023,29/3/2024,105000*9548642/5012647113,0.19%,Performing,"£95,486.42",£2,3,Bourne Str
Chapelgate DN22 Tranche-9,2219,2219,7/4/2023,29/12/2023,105000*25521636/5012647113,0.51%,Performing,"£255,216.36",£5.35,12,Chapelgate
Westfield Lane (Land) BD10 Tranche-2 Tier-3,2225,2225,31/3/2023,18/10/2024,105000*4234211/5012647113,0.08%,Performing,"£42,342.11",£0.89,25,Westfield 
Shrewton Road (Land) L25 Tranche-3,2222,2222,17/3/2023,18/3/2024,105000*12126693/5012647113,0.24%,Performing,"£121,266.93",£2.54,14,Shrewton R
Cranmere Court ME2 Tranche-2,2234,2234,10/4/2023,13/2/2024,105000*4172706/5012647113,0.08%,Performing,"£41,727.06",£0.87,4,Cranmere C
Hamilton Street (Land) OL7 Tranche-2,2235,2235,8/3/2023,10/1/2024,105000*2285421/5012647113,0.05%,Performing,"£22,854.21",£0.48,2,Hamilton S
Springfield Avenue HR2,2236,2236,5/4/2023,4/4/2024,105000*4253984/5012647113,0.08%,Performing,"£42,539.84",£0.89,2,Springfiel
Dagmar Road (Land) N4 Tranche-19,2241,2241,31/3/2023,3/11/2023,105000*4681672/5012647113,0.09%,Pending Status Update,"£46,816.72",£0.98,19,Dagmar Roa
Alhambra Road PO4,2243,2243,7/4/2023,6/4/2024,105000*30206390/5012647113,0.60%,Performing,"£302,063.90",£6.33,1,Alhambra R
Shrewton Road (Land) L25 Tranche-5,2246,2246,31/3/2023,18/3/2024,105000*8623596/5012647113,0.17%,Performing,"£86,235.96",£1.81,14,Shrewton R
Hartshead Moor BD19 Tier-2,2247,2247,27/3/2023,31/10/2023,105000*29843474/5012647113,0.60%,Pending Status Update,"£298,434.74",£6.25,2,Hartshead 
Hartshead Moor BD19 Tier-3,2252,2252,27/3/2023,31/10/2023,105000*30896512/5012647113,0.62%,Pending Status Update,"£308,965.12",£6.47,2,Hartshead 
Yarmouth Road NR7 Tranche-25,2253,2253,6/3/2023,30/11/2023,105000*3608109/5012647113,0.07%,Performing,"£36,081.09",£0.76,18,Yarmouth R
Northwick Road - TA9 Tranche-9,2276,2276,14/4/2023,23/6/2024,105000*9567383/5012647113,0.19%,Performing,"£95,673.83",£2,12,Northwick 
Westfield Lane (Land) BD10 Tranche-2 Tier-4,2279,2279,26/4/2023,18/10/2024,105000*5293750/5012647113,0.11%,Performing,"£52,937.50",£1.11,25,Westfield 
Shrewton Road BA12 Tranche-4,2286,2286,20/4/2023,29/1/2024,105000*3604329/5012647113,0.07%,Performing,"£36,043.29",£0.75,14,Shrewton R
London Road DE1 Tranche-4,2287,2287,18/4/2023,5/4/2024,105000*1843505/5012647113,0.04%,Performing,"£18,435.05",£0.39,9,London Roa
Dagmar Road (Land) N4 Tranche-20,2288,2288,25/4/2023,3/11/2023,105000*4416547/5012647113,0.09%,Pending Status Update,"£44,165.47",£0.93,19,Dagmar Roa
Yarmouth Road NR7 Tranche-26,2289,2289,28/4/2023,30/11/2023,105000*4721586/5012647113,0.09%,Performing,"£47,215.86",£0.99,18,Yarmouth R
Swinburne Street DE1 Tranche-6,2304,2304,5/5/2023,18/12/2023,105000*80631/5012647113,0%,Performing,£806.31,£0.02,3,Swinburne 
Stratford Road (Land) SG19 Tranche-4,1426,1455,19/1/2022,10/11/2023,105000*9059708/5012647113,0.18%,Default,"£90,597.08",£1.90,5,Stratford 
Stratford Road (Land) SG19 Tranche-3,1369,1398,6/12/2021,10/11/2023,105000*23344606/5012647113,0.47%,Default,"£233,446.06",£4.89,5,Stratford 
Stratford Road (Land) SG19 Tranche-2,1305,1342,11/11/2021,10/11/2023,105000*17003129/5012647113,0.34%,Default,"£170,031.29",£3.56,5,Stratford 
Stratford Road (Land) SG19 Tranche-1,1248,1285,20/9/2021,10/11/2023,105000*152084557/5012647113,3.03%,Default,"£1,520,845.57",£31.86,5,Stratford 
Oakham Road LE7,1848,1851,24/8/2022,20/10/2023,105000*55758908/5012647113,1.11%,Default,"£557,589.08",£11.68,1,Oakham Roa
Parliament Street DE11 Tranche-2,2311,2311,9/5/2023,27/5/2024,105000*2456819/5012647113,0.05%,Performing,"£24,568.19",£0.51,6,Parliament
Northwick Road - TA9 Tranche-10,2313,2313,16/5/2023,23/6/2024,105000*7409454/5012647113,0.15%,Performing,"£74,094.54",£1.55,12,Northwick 
Chapelgate DN22 Tranche-10,2314,2314,28/4/2023,29/12/2023,105000*19232468/5012647113,0.38%,Performing,"£192,324.68",£4.03,12,Chapelgate
Chapel Lane PR7 Tranche-3,2316,2316,28/4/2023,30/7/2024,105000*6499393/5012647113,0.13%,Performing,"£64,993.93",£1.36,6,Chapel Lan
Richmond Row L3 Tranche-3,2317,2317,26/4/2023,5/6/2024,105000*26872180/5012647113,0.54%,Performing,"£268,721.80",£5.63,7,Richmond R
Honeystreet SN9,1500,1521,1/3/2022,24/11/2023,105000*32587704/5012647113,0.65%,Default,"£325,877.04",£6.83,1,Honeystree
Chapel Lane PR7 Tranche-4,2334,2334,25/5/2023,30/7/2024,105000*9871548/5012647113,0.20%,Performing,"£98,715.48",£2.07,6,Chapel Lan
London Road DE1 Tranche-5,2333,2333,26/5/2023,5/4/2024,105000*4462762/5012647113,0.09%,Performing,"£44,627.62",£0.93,9,London Roa
Shrewton Road (Land) L25 Tranche-6,2335,2335,14/5/2023,18/3/2024,105000*19105339/5012647113,0.38%,Performing,"£191,053.39",£4,14,Shrewton R
Cranmere Court ME2 Tranche-3,2336,2336,4/5/2023,13/2/2024,105000*1481268/5012647113,0.03%,Performing,"£14,812.68",£0.31,4,Cranmere C
Church Drive NW9,1656,1661,30/5/2022,23/10/2023,105000*16097053/5012647113,0.32%,Default,"£160,970.53",£3.37,1,Church Dri
East Hill SW18,1803,1806,5/8/2022,27/10/2023,105000*9096482/5012647113,0.18%,Default,"£90,964.82",£1.91,1,East Hill 
Richmond Row L3 Tranche-4,2345,2345,31/5/2023,5/6/2024,105000*35004279/5012647113,0.70%,Performing,"£350,042.79",£7.33,7,Richmond R
Featherstone Road UB2 Tier-2,2346,2346,25/5/2023,24/11/2023,105000*9389865/5012647113,0.19%,Performing,"£93,898.65",£1.97,1,Feathersto
Guildhall Walk PO1 Tier-1,2347,2347,31/5/2023,30/11/2023,105000*11754453/5012647113,0.23%,Performing,"£117,544.53",£2.46,1,Guildhall 
Inglefield Road SS17 Tranche-1,2348,2348,9/5/2023,8/9/2024,105000*31559205/5012647113,0.63%,Performing,"£315,592.05",£6.61,5,Inglefield
Bolsover Street NG15 Tranche-6,2350,2350,1/6/2023,2/11/2023,105000*9659515/5012647113,0.19%,Performing,"£96,595.15",£2.02,8,Bolsover S
Coxs Court EX16 Tranche-2,1705,1708,30/6/2022,21/12/2023,105000*5733111/5012647113,0.11%,Performing,"£57,331.11",£1.20,14,Coxs Court
Coxs Court EX16 Tranche-3,1748,1751,27/7/2022,21/12/2023,105000*1301693/5012647113,0.03%,Performing,"£13,016.93",£0.27,14,Coxs Court
Coxs Court EX16 Tranche-5,1904,1907,13/10/2022,21/12/2023,105000*1149282/5012647113,0.02%,Performing,"£11,492.82",£0.24,14,Coxs Court
Coxs Court EX16 Tranche-6,1965,1965,2/11/2022,21/12/2023,105000*918313/5012647113,0.02%,Performing,"£9,183.13",£0.19,14,Coxs Court
Coxs Court EX16 Tranche-7,2000,2000,24/11/2022,21/12/2023,105000*1021282/5012647113,0.02%,Performing,"£10,212.82",£0.21,14,Coxs Court
Coxs Court EX16 Tranche-9,2125,2125,1/2/2023,21/12/2023,105000*1771523/5012647113,0.04%,Performing,"£17,715.23",£0.37,14,Coxs Court
Coxs Court EX16 Tranche-10,2164,2164,28/2/2023,21/12/2023,105000*4753753/5012647113,0.09%,Performing,"£47,537.53",£1,14,Coxs Court
Coxs Court EX16 Tranche-11,2264,2264,18/4/2023,21/12/2023,105000*3004702/5012647113,0.06%,Performing,"£30,047.02",£0.63,14,Coxs Court
Coxs Court EX16 Tranche-12,2267,2267,20/4/2023,21/12/2023,105000*474548/5012647113,0.01%,Performing,"£4,745.48",£0.10,14,Coxs Court
Coxs Court EX16 Tranche-13,2307,2307,12/5/2023,21/12/2023,105000*913422/5012647113,0.02%,Performing,"£9,134.22",£0.19,14,Coxs Court
Coxs Court EX16 Tranche-14,2349,2349,1/6/2023,21/12/2023,105000*2074313/5012647113,0.04%,Performing,"£20,743.13",£0.43,14,Coxs Court
Coxs Court EX16 Tranche-15,2354,2354,5/6/2023,21/12/2023,105000*2106406/5012647113,0.04%,Performing,"£21,064.06",£0.44,14,Coxs Court
Dagmar Road (Land) N4 Tranche-21,2355,2355,5/6/2023,3/11/2023,105000*3198189/5012647113,0.06%,Pending Status Update,"£31,981.89",£0.67,19,Dagmar Roa
Dagmar Road (Land) N4 Tranche-22,2356,2356,6/6/2023,3/11/2023,105000*2827655/5012647113,0.06%,Pending Status Update,"£28,276.55",£0.59,19,Dagmar Roa
Chapelgate DN22 Tranche-11,2365,2365,9/6/2023,29/12/2023,105000*4635079/5012647113,0.09%,Performing,"£46,350.79",£0.97,12,Chapelgate
Coxs Court EX16 Tranche-16,2366,2366,12/6/2023,21/12/2023,105000*5264452/5012647113,0.11%,Performing,"£52,644.52",£1.10,14,Coxs Court
Robinson Road SW17 Tranche-2,2369,2369,13/6/2023,7/6/2024,105000*1420703/5012647113,0.03%,Performing,"£14,207.03",£0.30,2,Robinson R
High Street CF44 Tranche-4,2371,2371,14/6/2023,25/10/2023,105000*278005/5012647113,0.01%,Performing,"£2,780.05",£0.06,2,High Stree
Shrewton Road (Land) L25 Tranche-7,2377,2377,23/6/2023,18/3/2024,105000*10834524/5012647113,0.22%,Performing,"£108,345.24",£2.27,14,Shrewton R
Mount Pleasant Road SY1,2381,2381,28/6/2023,27/6/2024,105000*4543710/5012647113,0.09%,Performing,"£45,437.10",£0.95,1,Mount Plea
Northwick Road - TA9 Tranche-11,2382,2382,26/6/2023,23/6/2024,105000*9444709/5012647113,0.19%,Performing,"£94,447.09",£1.98,12,Northwick 
Richmond Row L3 Tranche-5,2386,2386,28/6/2023,5/6/2024,105000*41192969/5012647113,0.82%,Performing,"£411,929.69",£8.63,7,Richmond R
Hollyfield Ave (Land) HD3,2052,2052,19/12/2022,17/3/2024,105000*7578911/5012647113,0.15%,Performing,"£75,789.11",£1.59,18,Hollyfield
Hollyfield Ave (Land) HD3 Tranche-18,1880,1883,23/9/2022,17/3/2024,105000*21847095/5012647113,0.44%,Performing,"£218,470.95",£4.58,18,Hollyfield
Bourne Street NG4 Tranche-4,2397,2397,22/6/2023,25/3/2024,105000*152853/5012647113,0%,Performing,"£1,528.53",£0.03,3,Bourne Str
Springfield Avenue (Land) IP11 Tranche-2,2398,2398,28/6/2023,30/10/2023,105000*2910670/5012647113,0.06%,Performing,"£29,106.70",£0.61,2,Springfiel
32-38 Piccadilly ST1 Tranche-2,2399,2399,30/6/2023,1/3/2024,105000*14454824/5012647113,0.29%,Performing,"£144,548.24",£3.03,3,32-38 Picc
Chapelgate DN22 Tranche-12,2405,2405,27/6/2023,29/12/2023,105000*5168275/5012647113,0.10%,Performing,"£51,682.75",£1.08,12,Chapelgate
London Road RG12 Tier-3,2409,2409,28/6/2023,27/6/2024,105000*5814675/5012647113,0.12%,Performing,"£58,146.75",£1.22,9,London Roa
Loughborough Road NG2 Tranche-6,2410,2410,23/6/2023,27/2/2024,105000*8578715/5012647113,0.17%,Performing,"£85,787.15",£1.80,4,Loughborou
147 Colney Road DA1 Tranche-2,2315,2315,16/5/2023,21/2/2024,105000*845428/5012647113,0.02%,Performing,"£8,454.28",£0.18,2,147 Colney
147 Colney Road DA1,2157,2157,3/3/2023,2/3/2024,105000*16669107/5012647113,0.33%,Performing,"£166,691.07",£3.49,2,147 Colney
Yarmouth Road NR7 Tranche-27,2412,2412,28/6/2023,30/11/2023,105000*5720544/5012647113,0.11%,Performing,"£57,205.44",£1.20,18,Yarmouth R
Park Street EX16 Tranche-13,2351,2351,1/6/2023,21/12/2023,105000*2607140/5012647113,0.05%,Performing,"£26,071.40",£0.55,8,Park Stree
Park Street EX16 Tranche-12,2305,2305,11/5/2023,21/12/2023,105000*2935668/5012647113,0.06%,Performing,"£29,356.68",£0.61,8,Park Stree
Park Street EX16 Tranche-11,2263,2263,18/4/2023,21/12/2023,105000*7232784/5012647113,0.14%,Performing,"£72,327.84",£1.52,8,Park Stree
Park Street EX16 Tranche-10,2163,2163,28/2/2023,21/12/2023,105000*4271352/5012647113,0.09%,Performing,"£42,713.52",£0.89,8,Park Stree
Park Street EX16 Tranche-9,2119,2119,31/1/2023,21/12/2023,105000*3361858/5012647113,0.07%,Performing,"£33,618.58",£0.70,8,Park Stree
Park Street EX16 Tranche-6,1966,1966,2/11/2022,21/12/2023,105000*923002/5012647113,0.02%,Performing,"£9,230.02",£0.19,8,Park Stree
Park Street EX16 Tranche-5,1905,1908,13/10/2022,21/12/2023,105000*1639023/5012647113,0.03%,Performing,"£16,390.23",£0.34,8,Park Stree
Park Street EX16 Tranche-2,1706,1709,30/6/2022,21/12/2023,105000*5245913/5012647113,0.10%,Performing,"£52,459.13",£1.10,8,Park Stree
London Road DE1 Tranche-6,2424,2424,28/6/2023,5/4/2024,105000*1930697/5012647113,0.04%,Performing,"£19,306.97",£0.40,9,London Roa
Yorke Street SA73 Tier-3,2425,2425,27/6/2023,26/6/2024,105000*27211073/5012647113,0.54%,Performing,"£272,110.73",£5.70,1,Yorke Stre
Victoria Street & Cleveland Street WV1 Tranche-20,2297,2297,4/5/2023,29/12/2023,105000*18588990/5012647113,0.37%,Performing,"£185,889.90",£3.89,17,Victoria S
Victoria Street & Cleveland Street WV1 Tranche-19,2123,2123,6/2/2023,29/12/2023,105000*8351286/5012647113,0.17%,Performing,"£83,512.86",£1.75,17,Victoria S
Victoria Street & Cleveland Street WV1 Tranche-18,2067,2067,6/1/2023,29/12/2023,105000*4440874/5012647113,0.09%,Performing,"£44,408.74",£0.93,17,Victoria S
Victoria Street & Cleveland Street WV1 Tranche-17,2065,2065,23/12/2022,29/12/2023,105000*32073664/5012647113,0.64%,Performing,"£320,736.64",£6.72,17,Victoria S
Victoria Street & Cleveland Street WV1 Tranche-16,1988,1988,21/11/2022,29/12/2023,105000*21287094/5012647113,0.42%,Performing,"£212,870.94",£4.46,17,Victoria S
Victoria Street & Cleveland Street WV1 Tranche-15,1949,1949,2/11/2022,29/12/2023,105000*12477217/5012647113,0.25%,Performing,"£124,772.17",£2.61,17,Victoria S
Victoria Street & Cleveland Street WV1 Tranche-14,1888,1891,28/9/2022,29/12/2023,105000*8623364/5012647113,0.17%,Performing,"£86,233.64",£1.81,17,Victoria S
Victoria Street & Cleveland Street WV1 Tranche-13,1790,1793,18/8/2022,29/12/2023,105000*5302668/5012647113,0.11%,Performing,"£53,026.68",£1.11,17,Victoria S
Victoria Street & Cleveland Street WV1 Tranche-12,1610,1618,17/5/2022,29/12/2023,105000*1478093/5012647113,0.03%,Performing,"£14,780.93",£0.31,17,Victoria S
Victoria Street & Cleveland Street WV1 Tranche-10,1530,1546,21/3/2022,29/12/2023,105000*18938307/5012647113,0.38%,Performing,"£189,383.07",£3.97,17,Victoria S
Victoria Street & Cleveland Street WV1 Tranche-8,1427,1456,20/1/2022,29/12/2023,105000*20275194/5012647113,0.40%,Performing,"£202,751.94",£4.25,17,Victoria S
Victoria Street & Cleveland Street WV1 Tranche-7,1401,1430,16/12/2021,29/12/2023,105000*14485685/5012647113,0.29%,Performing,"£144,856.85",£3.03,17,Victoria S
Victoria Street & Cleveland Street WV1 Tranche-3,1183,1220,22/7/2021,29/12/2023,105000*2678802/5012647113,0.05%,Performing,"£26,788.02",£0.56,17,Victoria S
Victoria Street & Cleveland Street WV1 Tranche-2,1144,1181,22/7/2021,29/12/2023,105000*9742678/5012647113,0.19%,Performing,"£97,426.78",£2.04,17,Victoria S
Shrewton Road BA12 Tranche-6,2427,2427,12/7/2023,29/1/2024,105000*7463501/5012647113,0.15%,Performing,"£74,635.01",£1.56,14,Shrewton R
South Drive LN1 Tranche-4,2428,2428,29/6/2023,25/7/2024,105000*5741690/5012647113,0.11%,Performing,"£57,416.90",£1.20,2,South Driv
Inglefield Road SS17 Tranche-2,2429,2429,10/7/2023,30/11/2024,105000*21520767/5012647113,0.43%,Performing,"£215,207.67",£4.51,5,Inglefield
Chapel Lane PR7 Tranche-5,2431,2431,5/7/2023,30/7/2024,105000*14045946/5012647113,0.28%,Performing,"£140,459.46",£2.94,6,Chapel Lan
Norbury Crescent SW16,2436,2436,18/7/2023,17/1/2025,105000*6105000/5012647113,0.12%,Performing,"£61,050.00",£1.28,1,Norbury Cr
29 High Street RM15 Tranche-2,2438,2438,17/7/2023,5/4/2024,105000*3350847/5012647113,0.07%,Performing,"£33,508.47",£0.70,1,29 High St
Clara Street (Plot 2) HD6 Tranche-2,2442,2442,11/7/2023,30/9/2024,105000*2193977/5012647113,0.04%,Performing,"£21,939.77",£0.46,1,Clara Stre
Dagmar Road (Land) N4 Tranche-23,2445,2445,26/7/2023,3/11/2023,105000*2507187/5012647113,0.05%,Pending Status Update,"£25,071.87",£0.53,19,Dagmar Roa
Parliament Street DE11 Tranche-4,2446,2446,17/7/2023,26/5/2024,105000*1354834/5012647113,0.03%,Performing,"£13,548.34",£0.28,6,Parliament
Barnett Wood Lane KT21 Tranche-1 Tier-1,2447,2447,13/7/2023,10/1/2025,105000*19794663/5012647113,0.39%,Performing,"£197,946.63",£4.15,2,Barnett Wo
Northwick Road - TA9 Tranche-12,2450,2450,20/7/2023,23/6/2024,105000*4350950/5012647113,0.09%,Performing,"£43,509.50",£0.91,12,Northwick 
Barnett Wood Lane KT21 Tranche-1 Tier-3,2449,2449,13/7/2023,13/1/2025,105000*32144097/5012647113,0.64%,Performing,"£321,440.97",£6.73,2,Barnett Wo
Folkestone Road CT17 Tranche-8,2452,2452,14/7/2023,27/12/2023,105000*5368059/5012647113,0.11%,Performing,"£53,680.59",£1.12,9,Folkestone
Westfield Lane (Land) BD10 Tranche-23,2453,2453,14/7/2023,18/10/2024,105000*3601587/5012647113,0.07%,Performing,"£36,015.87",£0.75,25,Westfield 
London Road LE67,2469,2469,29/6/2023,28/6/2024,105000*863531/5012647113,0.02%,Performing,"£8,635.31",£0.18,9,London Roa
Baker Street DE24 Tranche-4,2478,2478,7/7/2023,11/2/2024,105000*3540826/5012647113,0.07%,Performing,"£35,408.26",£0.74,3,Baker Stre
Ward Street DE22 Tranche-5,2479,2479,22/6/2023,8/2/2024,105000*1501543/5012647113,0.03%,Performing,"£15,015.43",£0.31,3,Ward Stree
High Road E11,2481,2481,28/7/2023,26/4/2024,105000*4950310/5012647113,0.10%,Performing,"£49,503.10",£1.04,1,High Road 
Ward Street DE22 Tranche-6,2483,2483,24/7/2023,7/2/2024,105000*1287641/5012647113,0.03%,Performing,"£12,876.41",£0.27,3,Ward Stree
Bolsover Street NG15 Tranche-7,2484,2484,24/7/2023,2/11/2023,105000*7675162/5012647113,0.15%,Performing,"£76,751.62",£1.61,8,Bolsover S
Yarmouth Road NR7 Tranche-28,2485,2485,24/7/2023,30/11/2023,105000*2795789/5012647113,0.06%,Performing,"£27,957.89",£0.59,18,Yarmouth R
Siston Common BS15 Tranche-2,2312,2312,9/5/2023,29/7/2024,105000*2027925/5012647113,0.04%,Performing,"£20,279.25",£0.42,3,Siston Com
Siston Common BS15 Tranche-3,2430,2430,29/6/2023,29/7/2024,105000*3167569/5012647113,0.06%,Performing,"£31,675.69",£0.66,3,Siston Com
Gaolgate Street ST16 Tranche-1,2495,2495,24/5/2023,22/11/2024,105000*31445882/5012647113,0.63%,Performing,"£314,458.82",£6.59,2,Gaolgate S
Lawn Road (Land) DA11 Tranche-8,2496,2496,4/8/2023,19/10/2023,105000*2553566/5012647113,0.05%,Performing,"£25,535.66",£0.53,3,Lawn Road 
Robinson Road SW17 Tranche-1,2497,2497,20/6/2023,19/6/2024,105000*1353086/5012647113,0.03%,Performing,"£13,530.86",£0.28,2,Robinson R
Bourne Street NG4 Tranche-5,2503,2503,31/7/2023,25/3/2024,105000*1165142/5012647113,0.02%,Performing,"£11,651.42",£0.24,3,Bourne Str
Richmond Row L3 Tranche-6,2504,2504,28/7/2023,5/6/2024,105000*58509483/5012647113,1.17%,Performing,"£585,094.83",£12.26,7,Richmond R
32-38 Piccadilly ST1 Tranche-3,2505,2505,24/7/2023,1/3/2024,105000*9487949/5012647113,0.19%,Performing,"£94,879.49",£1.99,3,32-38 Picc
Cranmere Court ME2 Tranche-5,2506,2506,21/7/2023,13/2/2024,105000*4850155/5012647113,0.10%,Performing,"£48,501.55",£1.02,4,Cranmere C
Shrewton Road (Land) L25 Tranche-8,2507,2507,26/7/2023,18/3/2024,105000*12369206/5012647113,0.25%,Performing,"£123,692.06",£2.59,14,Shrewton R
Chapelgate DN22 Tranche-13,2508,2508,31/7/2023,29/12/2023,105000*4810964/5012647113,0.10%,Performing,"£48,109.64",£1.01,12,Chapelgate
Northwick Road - TA9 Tranche-13,2515,2515,3/8/2023,23/6/2024,105000*2989739/5012647113,0.06%,Performing,"£29,897.39",£0.63,12,Northwick 
Swinburne Street DE1 Tranche-7,2517,2517,3/8/2023,18/12/2023,105000*529088/5012647113,0.01%,Performing,"£5,290.88",£0.11,3,Swinburne 
Hamilton Street (Land) OL7 Tranche-3,2518,2518,3/8/2023,9/1/2024,105000*7337359/5012647113,0.15%,Performing,"£73,373.59",£1.54,2,Hamilton S
London Road DE1 Tranche-7,2526,2526,9/8/2023,5/4/2024,105000*7064485/5012647113,0.14%,Performing,"£70,644.85",£1.48,9,London Roa
Saxon Avenue TW13,2527,2527,26/7/2023,25/7/2024,105000*15269454/5012647113,0.30%,Performing,"£152,694.54",£3.20,1,Saxon Aven
The Panorama TN24,2528,2528,8/8/2023,7/8/2024,105000*4920832/5012647113,0.10%,Performing,"£49,208.32",£1.03,1,The Panora
85a Springhead Road DA11,2530,2530,28/7/2023,29/1/2024,105000*3813202/5012647113,0.08%,Performing,"£38,132.02",£0.80,1,85a Spring
Parliament Row & Goodson Street ST1 Tier-1,2531,2531,26/7/2023,24/1/2025,105000*22160461/5012647113,0.44%,Performing,"£221,604.61",£4.64,6,Parliament
Inglefield Road SS17 Tranche-3,2532,2532,28/7/2023,30/11/2024,105000*23266616/5012647113,0.46%,Performing,"£232,666.16",£4.87,5,Inglefield
Armoury Drive DA12,2533,2533,9/8/2023,8/4/2024,105000*14864626/5012647113,0.30%,Performing,"£148,646.26",£3.11,1,Armoury Dr
Loughborough Road NG2 Tranche-7,2477,2477,14/7/2023,27/2/2024,105000*3927474/5012647113,0.08%,Performing,"£39,274.74",£0.82,4,Loughborou
Perry Common Road B23,2534,2534,3/7/2023,2/7/2024,105000*2651382/5012647113,0.05%,Performing,"£26,513.82",£0.56,1,Perry Comm
Baker Street DE24 Tranche-5,2535,2535,10/8/2023,11/2/2024,105000*3057440/5012647113,0.06%,Performing,"£30,574.40",£0.64,3,Baker Stre
Shrewton Road BA12 Tranche-7,2536,2536,9/8/2023,29/1/2024,105000*6757624/5012647113,0.13%,Performing,"£67,576.24",£1.42,14,Shrewton R
Chapel Lane PR7 Tranche-6,2538,2538,8/8/2023,30/7/2024,105000*6920241/5012647113,0.14%,Performing,"£69,202.41",£1.45,6,Chapel Lan
Siston Common BS15 Tranche-4,2539,2539,31/7/2023,29/7/2024,105000*1168339/5012647113,0.02%,Performing,"£11,683.39",£0.24,3,Siston Com
New Road PE2 Tranche-1,2540,2540,9/8/2023,7/11/2024,105000*823505/5012647113,0.02%,Performing,"£8,235.05",£0.17,1,New Road P
Harmer House DA12,655,697,6/12/2019,25/10/2023,105000*187359486/5012647113,3.74%,Pending Status Update,"£1,873,594.86",£39.25,1,Harmer Hou
Barton Knowles DE56,2544,2544,16/8/2023,15/2/2024,105000*7435966/5012647113,0.15%,Performing,"£74,359.66",£1.56,1,Barton Kno
Gaolgate Street ST16 Tranche-2,2545,2545,15/8/2023,20/1/2025,105000*34807912/5012647113,0.69%,Performing,"£348,079.12",£7.29,2,Gaolgate S
Loughborough Road NG2 Tranche-8,2546,2546,17/8/2023,27/2/2024,105000*5071473/5012647113,0.10%,Performing,"£50,714.73",£1.06,4,Loughborou
Parliament Street DE11 Tranche-5,2547,2547,15/8/2023,27/3/2024,105000*3974252/5012647113,0.08%,Performing,"£39,742.52",£0.83,6,Parliament
Dagmar Road (Land) N4 Tranche-24,2548,2548,15/8/2023,3/11/2023,105000*4742219/5012647113,0.09%,Pending Status Update,"£47,422.19",£0.99,19,Dagmar Roa
Parliament Row & Goodson Street ST1 Tranche-2,2553,2553,16/8/2023,23/1/2025,105000*18191465/5012647113,0.36%,Performing,"£181,914.65",£3.81,6,Parliament
Fiddlers Lane M44,2555,2555,15/8/2023,14/8/2024,105000*5970559/5012647113,0.12%,Performing,"£59,705.59",£1.25,1,Fiddlers L
Swinburne Street DE1 Tranche-8,2556,2556,17/8/2023,18/12/2023,105000*790033/5012647113,0.02%,Performing,"£7,900.33",£0.17,3,Swinburne 
Coxs Court EX16 Tranche-17,2558,2558,18/8/2023,21/12/2023,105000*860083/5012647113,0.02%,Performing,"£8,600.83",£0.18,14,Coxs Court
St Davids Lane LL16 Tranche-4,2562,2562,22/8/2023,26/10/2023,105000*1631611/5012647113,0.03%,Performing,"£16,316.11",£0.34,1,St Davids 
Trelonk Farm (Land & Buildings) TR2 Tier-4,1831,1834,31/8/2022,30/5/2024,105000*65205873/5012647113,1.30%,Performing,"£652,058.73",£13.66,2,Trelonk Fa
Baker Street DE24 Tranche-6,2568,2568,24/8/2023,11/2/2024,105000*1243542/5012647113,0.02%,Performing,"£12,435.42",£0.26,3,Baker Stre
Victoria Street & Cleveland Street WV1 Tranche-21,2569,2569,25/8/2023,29/12/2023,105000*18883796/5012647113,0.38%,Performing,"£188,837.96",£3.96,17,Victoria S
Richmond Row L3 Tranche-7,2570,2570,18/8/2023,5/6/2024,105000*46293793/5012647113,0.92%,Performing,"£462,937.93",£9.70,7,Richmond R
Inglefield Road SS17 Tranche-4,2571,2571,29/8/2023,30/11/2024,105000*23427670/5012647113,0.47%,Performing,"£234,276.70",£4.91,5,Inglefield
Shrewton Road BA12 Tranche-8,2572,2572,23/8/2023,29/1/2024,105000*3756061/5012647113,0.07%,Performing,"£37,560.61",£0.79,14,Shrewton R
Curtis Road TW4 Tranche-1,2576,2576,28/6/2022,3/11/2023,105000*55468/5012647113,0%,Default,£554.68,£0.01,4,Curtis Roa
Lower Rainham Road ME7,2411,2411,27/6/2023,26/6/2024,105000*3464336/5012647113,0.07%,Performing,"£34,643.36",£0.73,1,Lower Rain
Hollyfield Ave (Land) HD3 Tranche-1,826,868,18/11/2020,17/3/2024,105000*22514977/5012647113,0.45%,Performing,"£225,149.77",£4.72,18,Hollyfield
Victoria Street & Cleveland Street WV1 Tranche-1,1125,1162,8/7/2021,29/12/2023,105000*36508779/5012647113,0.73%,Performing,"£365,087.79",£7.65,17,Victoria S
Stratford Road (Land) SG19 Tranche-1 Tier-4,2580,2580,20/9/2021,10/11/2023,105000*105291/5012647113,0%,Default,"£1,052.91",£0.02,5,Stratford 
High Street CM1,1287,1324,30/9/2021,23/10/2023,105000*49988148/5012647113,1%,Default,"£499,881.48",£10.47,2,High Stree
Shrewton Road (Land) L25 Tranche-9,2587,2587,29/8/2023,18/3/2024,105000*6487671/5012647113,0.13%,Performing,"£64,876.71",£1.36,14,Shrewton R
South Drive LN1 Tranche-5,2588,2588,23/8/2023,25/7/2024,105000*2610157/5012647113,0.05%,Performing,"£26,101.57",£0.55,2,South Driv
Hollyfield Ave (Land) HD3 Tranche-2,943,985,4/3/2021,17/3/2024,105000*782368/5012647113,0.02%,Performing,"£7,823.68",£0.16,18,Hollyfield
Hollyfield Ave (Land) HD3 Tranche-5,1145,1182,24/6/2021,17/3/2024,105000*4102744/5012647113,0.08%,Performing,"£41,027.44",£0.86,18,Hollyfield
Hollyfield Ave (Land) HD3 Tranche-6,1264,1301,28/9/2021,17/3/2024,105000*9616889/5012647113,0.19%,Performing,"£96,168.89",£2.01,18,Hollyfield
Hollyfield Ave (Land) HD3 Tranche 7,1290,1327,15/10/2021,17/3/2024,105000*9406249/5012647113,0.19%,Performing,"£94,062.49",£1.97,18,Hollyfield
Hollyfield Ave (Land) HD3 Tranche-8,1330,1367,15/12/2021,17/3/2024,105000*5906948/5012647113,0.12%,Performing,"£59,069.48",£1.24,18,Hollyfield
Hollyfield Ave (Land) HD3 Tranche-9,1398,1427,22/12/2021,17/3/2024,105000*12354133/5012647113,0.25%,Performing,"£123,541.33",£2.59,18,Hollyfield
Hollyfield Ave (Land) HD3 Tranche-12,1532,1548,22/3/2022,17/3/2024,105000*3081801/5012647113,0.06%,Performing,"£30,818.01",£0.65,18,Hollyfield
Hollyfield Ave (Land) HD3 Tranche-13,1587,1595,28/4/2022,17/3/2024,105000*3589395/5012647113,0.07%,Performing,"£35,893.95",£0.75,18,Hollyfield
Hollyfield Ave (Land) HD3 Tranche-14,1641,1646,30/5/2022,17/3/2024,105000*14616610/5012647113,0.29%,Performing,"£146,166.10",£3.06,18,Hollyfield
Hollyfield Ave (Land) HD3 Tranche-15,1719,1722,30/6/2022,17/3/2024,105000*6428143/5012647113,0.13%,Performing,"£64,281.43",£1.35,18,Hollyfield
Hollyfield Ave (Land) HD3 Tranche-16,1741,1744,30/6/2022,17/3/2024,105000*5908268/5012647113,0.12%,Performing,"£59,082.68",£1.24,18,Hollyfield
Hollyfield Ave (Land) HD3 Tranche-17,1849,1852,25/9/2022,17/3/2024,105000*9120838/5012647113,0.18%,Performing,"£91,208.38",£1.91,18,Hollyfield
Hollyfield Ave (Land) HD3 Tranche-4,2275,2275,24/6/2021,17/3/2024,105000*227496/5012647113,0%,Performing,"£2,274.96",£0.05,18,Hollyfield
Middle Street NE6 Tranche-2,2589,2589,1/9/2023,15/7/2024,105000*2264111/5012647113,0.05%,Performing,"£22,641.11",£0.47,1,Middle Str
Victoria Street & Cleveland Street WV1 Tranche-6,1329,1366,15/11/2021,29/12/2023,105000*9255487/5012647113,0.18%,Performing,"£92,554.87",£1.94,17,Victoria S
Folkestone Road CT17 Tranche-9,2590,2590,4/9/2023,27/12/2023,105000*1862063/5012647113,0.04%,Performing,"£18,620.63",£0.39,9,Folkestone
Folkestone Road CT17 Tranche-10,2591,2591,4/9/2023,27/12/2023,105000*1406673/5012647113,0.03%,Performing,"£14,066.73",£0.29,9,Folkestone
Folkestone Road CT17 Tranche-11,2592,2592,4/9/2023,27/12/2023,105000*761786/5012647113,0.02%,Performing,"£7,617.86",£0.16,9,Folkestone
London Road - SS9,1802,1805,5/8/2022,3/11/2023,105000*9182009/5012647113,0.18%,Default,"£91,820.09",£1.92,9,London Roa
Folkestone Road CT17 Tranche-12,2594,2594,5/9/2023,27/12/2023,105000*5063731/5012647113,0.10%,Performing,"£50,637.31",£1.06,9,Folkestone
Grimwade Street IP4 Tier-2,2598,2598,8/9/2023,7/6/2024,105000*44126423/5012647113,0.88%,Performing,"£441,264.23",£9.24,3,Grimwade S
Channelsea Road E15,1579,1591,26/4/2022,6/11/2023,105000*3200000/5012647113,0.06%,Default,"£32,000.00",£0.67,2,Channelsea
Richmond Row L3 Tranche-8,2604,2604,13/9/2023,5/6/2024,105000*36466878/5012647113,0.73%,Performing,"£364,668.78",£7.64,7,Richmond R
Northwick Road - TA9 Tranche-14,2605,2605,11/9/2023,23/6/2024,105000*3330337/5012647113,0.07%,Performing,"£33,303.37",£0.70,12,Northwick 
Yarmouth Road NR7 Tranche-29,2607,2607,13/9/2023,30/11/2023,105000*2647615/5012647113,0.05%,Performing,"£26,476.15",£0.55,18,Yarmouth R
Yarmouth Road NR7 Tranche-30,2608,2608,13/9/2023,30/11/2023,105000*2437598/5012647113,0.05%,Performing,"£24,375.98",£0.51,18,Yarmouth R
Property known as The Coach House at Eastcourt Farm â€“ DA12,863,905,13/9/2017,14/3/2024,105000*10031250/5012647113,0.20%,Performing,"£100,312.50",£2.10,3,Property k
Land Adjacent to Eastcourt Farm â€“ DA12,860,902,13/9/2017,14/3/2024,105000*19125000/5012647113,0.38%,Performing,"£191,250.00",£4.01,1,Land Adjac
Property known as Meadow Lodge at Eastcourt Farm â€“ DA12,862,904,13/9/2017,14/3/2024,105000*43031250/5012647113,0.86%,Performing,"£430,312.50",£9.01,3,Property k
"Garage, other out buildings and land at Eastcourt Farm â€“ DA12",864,906,13/9/2017,14/3/2024,105000*50918997/5012647113,1.02%,Performing,"£509,189.97",£10.67,1,"Garage, ot"
Horn Lane - IG8,730,772,20/12/2019,26/10/2023,105000*28344181/5012647113,0.57%,Pending Status Update,"£283,441.81",£5.94,1,Horn Lane 
Safety Bay - ME1- Plot 6,293,251,18/1/2019,30/11/2023,105000*44002966/5012647113,0.88%,Performing,"£440,029.66",£9.22,2,Safety Bay
Safety Bay - ME1- Plot 1,564,606,12/7/2019,30/11/2023,105000*47897034/5012647113,0.96%,Performing,"£478,970.34",£10.03,2,Safety Bay
Property known as The Barn at Eastcourt Farm â€“ DA12,861,903,13/9/2017,14/3/2024,105000*13031250/5012647113,0.26%,Performing,"£130,312.50",£2.73,3,Property k
Grimwade Street IP4 Tier-3,2614,2614,8/9/2023,7/6/2024,105000*29075392/5012647113,0.58%,Performing,"£290,753.92",£6.09,3,Grimwade S
London Road DE1 Tranche-8,2615,2615,19/9/2023,5/4/2024,105000*2561219/5012647113,0.05%,Performing,"£25,612.19",£0.54,9,London Roa
Fishponds Road SW17 Tier-2,2224,2224,24/3/2023,27/10/2023,105000*12880364/5012647113,0.26%,Performing,"£128,803.64",£2.70,1,Fishponds 
Sporehams Lane CM3 Tranche-1,1042,1084,1/2/2021,28/11/2023,105000*252003090/5012647113,5.03%,Pending Status Update,"£2,520,030.90",£52.79,1,Sporehams 
Clapgun Street DE74 Tranche-3,2620,2620,20/9/2023,26/8/2024,105000*323127/5012647113,0.01%,Performing,"£3,231.27",£0.07,1,Clapgun St
St Katharines Way E1W,1413,1442,16/11/2021,27/10/2023,105000*18261793/5012647113,0.36%,Pending Status Update,"£182,617.93",£3.83,1,St Kathari
Wellington Street â€“ DA12,702,744,13/12/2019,30/10/2023,105000*12037951/5012647113,0.24%,Pending Status Update,"£120,379.51",£2.52,1,Wellington
Wolseley Road PL2 Tranche-2,2621,2621,25/9/2023,26/8/2024,105000*1513194/5012647113,0.03%,Performing,"£15,131.94",£0.32,1,Wolseley R
Nelson Drive (Land) NE65 Tranche-2,2622,2622,25/9/2023,16/12/2024,105000*2394066/5012647113,0.05%,Performing,"£23,940.66",£0.50,1,Nelson Dri
Grimwade Street IP4 Tier-1,2597,2597,8/9/2023,7/6/2024,105000*20452198/5012647113,0.41%,Performing,"£204,521.98",£4.28,3,Grimwade S
Inglefield Road SS17 Tranche-5,2634,2634,21/9/2023,30/11/2024,105000*4519304/5012647113,0.09%,Performing,"£45,193.04",£0.95,5,Inglefield
Shrewton Road BA12 Tranche-9,2635,2635,28/9/2023,29/1/2024,105000*4691896/5012647113,0.09%,Performing,"£46,918.96",£0.98,14,Shrewton R
Station Road LS27 Tranche-3,2636,2636,26/9/2023,12/1/2024,105000*6056036/5012647113,0.12%,Performing,"£60,560.36",£1.27,2,Station Ro
Yarmouth Road NR7 Tranche-6,2578,2578,9/7/2021,30/11/2023,105000*105264/5012647113,0%,Performing,"£1,052.64",£0.02,18,Yarmouth R
Westfield Lane (Land) BD10 Tranche-1 Tier-3,2582,2582,1/6/2021,18/4/2024,105000*2581214/5012647113,0.05%,Performing,"£25,812.14",£0.54,25,Westfield 
Westfield Lane (Land) BD10 Tranche-4,2581,2581,28/9/2021,18/10/2024,105000*105264/5012647113,0%,Performing,"£1,052.64",£0.02,25,Westfield 
Bolsover Street NG15 Tranche-8,2638,2638,29/9/2023,2/11/2023,105000*7094202/5012647113,0.14%,Performing,"£70,942.02",£1.49,8,Bolsover S
Northwick Road - TA9 Tranche-15,2639,2639,29/9/2023,23/6/2024,105000*1957779/5012647113,0.04%,Performing,"£19,577.79",£0.41,12,Northwick 
Folkestone Road CT17 Tranche-13,2640,2640,29/9/2023,27/12/2023,105000*6646712/5012647113,0.13%,Performing,"£66,467.12",£1.39,9,Folkestone
Chapel Lane PR7 Tranche-7,2642,2642,29/9/2023,30/7/2024,105000*6562499/5012647113,0.13%,Performing,"£65,624.99",£1.37,6,Chapel Lan
Fulham Palace Road SW6,1885,1888,30/9/2022,3/11/2023,105000*28242139/5012647113,0.56%,Performing,"£282,421.39",£5.92,1,Fulham Pal
Channelsea Road E15,1578,1590,26/4/2022,6/11/2023,105000*27200000/5012647113,0.54%,Default,"£272,000.00",£5.70,2,Channelsea
Duke Street L1,1890,1893,6/10/2022,1/10/2023,105000*207292252/5012647113,4.14%,Performing,"£2,072,922.52",£43.42,1,Duke Stree
Horseferry Road SW1P,2644,2644,4/10/2023,2/11/2023,105000*83607831/5012647113,1.67%,Performing,"£836,078.31",£17.51,1,Horseferry
Yarmouth Road NR7 Tranche-31,2648,2648,5/10/2023,30/11/2023,105000*5161719/5012647113,0.10%,Performing,"£51,617.19",£1.08,18,Yarmouth R
Kirkham Road PR4,2650,2650,6/10/2023,31/10/2023,105000*225000000/5012647113,4.49%,Performing,"£2,250,000.00",£47.13,1,Kirkham Ro
Westfield Lane (Land) BD10 Tier-2 Tranche-7,2601,2601,7/9/2023,18/10/2024,105000*738292/5012647113,0.01%,Performing,"£7,382.92",£0.15,25,Westfield 
Westfield Lane (Land) BD10 Tier-2 Tranche-6,2593,2593,4/9/2023,18/10/2024,105000*15046830/5012647113,0.30%,Performing,"£150,468.30",£3.15,25,Westfield 
Westfield Lane (Land) BD10 Tier-2 Tranche-8,2641,2641,28/9/2023,18/10/2024,105000*10533770/5012647113,0.21%,Performing,"£105,337.70",£2.21,25,Westfield 
Richford Street W6,1499,1520,28/2/2022,27/10/2023,105000*40184000/5012647113,0.80%,Pending Status Update,"£401,840.00",£8.42,1,Richford S
Copenhagen Street N1,2643,2643,4/10/2023,24/10/2023,105000*84000000/5012647113,1.68%,Performing,"£840,000.00",£17.60,1,Copenhagen
Westfield Lane (Land) BD10 Tranche-9 Tier-2,2656,2656,12/10/2023,18/10/2023,105000*3791989/5012647113,0.08%,Performing,"£37,919.89",£0.79,25,Westfield 
Heston Avenue TW5,1825,1828,24/6/2022,23/6/2025,105000*47272335/5012647113,0.94%,Performing,"£472,723.35",£9.90,1,Heston Ave
251 Southwark Park Road SE16,1738,1741,27/6/2022,26/6/2027,105000*90000000/5012647113,1.80%,Performing,"£900,000.00",£18.85,1,251 Southw
Cranbrook Rd IG1,1674,1677,1/5/2022,30/4/2024,105000*23150507/5012647113,0.46%,Performing,"£231,505.07",£4.85,1,Cranbrook 