DATE,DESCRIPTION,CREDIT,DEBIT,BALANCE,Cash Flow,Date Value
22/06/2022 16:50:00,Bank Deposit,"£3,000.000000",,"£3,000.000000","3,000.00",22/06/2022
23/06/2022 11:53:00,Transfer to Premium,,"£3,000.000000",£0.000000,"-3,000.000",23/06/2022
24/06/2022 12:06:00,Premium Interest,£0.328767,,£0.328767,0.329,24/06/2022
25/06/2022 11:52:00,Premium Interest,£0.328767,,£0.657534,0.329,25/06/2022
26/06/2022 11:43:00,Premium Interest,£0.328767,,£0.986301,0.329,26/06/2022
27/06/2022 11:56:00,Premium Interest,£0.328767,,£1.315068,0.329,27/06/2022
28/06/2022 12:12:00,Premium Interest,£0.328767,,£1.643835,0.329,28/06/2022
29/06/2022 11:53:00,Premium Interest,£0.328767,,£1.972602,0.329,29/06/2022
30/06/2022 12:07:00,Premium Interest,£0.328767,,£2.301369,0.329,30/06/2022
01/07/2022 11:58:00,Premium Interest,£0.328767,,£2.630136,0.329,01/07/2022
02/07/2022 12:07:00,Premium Interest,£0.328767,,£2.958903,0.329,02/07/2022
03/07/2022 11:50:00,Premium Interest,£0.328767,,£3.287670,0.329,03/07/2022
04/07/2022 11:53:00,Premium Interest,£0.328767,,£3.616437,0.329,04/07/2022
05/07/2022 12:19:00,Premium Interest,£0.336986,,£3.953423,0.337,05/07/2022
06/07/2022 12:05:00,Premium Interest,£0.336986,,£4.290409,0.337,06/07/2022
07/07/2022 12:09:00,Premium Interest,£0.336986,,£4.627395,0.337,07/07/2022
08/07/2022 12:06:00,Premium Interest,£0.336986,,£4.964381,0.337,08/07/2022
09/07/2022 12:13:00,Premium Interest,£0.336986,,£5.301367,0.337,09/07/2022
10/07/2022 12:00:00,Premium Interest,£0.336986,,£5.638353,0.337,10/07/2022
11/07/2022 12:02:00,Premium Interest,£0.336986,,£5.975339,0.337,11/07/2022
12/07/2022 12:24:00,Premium Interest,£0.336986,,£6.312325,0.337,12/07/2022
13/07/2022 12:10:00,Premium Interest,£0.336986,,£6.649311,0.337,13/07/2022
14/07/2022 12:09:00,Premium Interest,£0.336986,,£6.986297,0.337,14/07/2022
15/07/2022 12:18:00,Premium Interest,£0.336986,,£7.323283,0.337,15/07/2022
16/07/2022 12:17:00,Premium Interest,£0.336986,,£7.660269,0.337,16/07/2022
17/07/2022 12:02:00,Premium Interest,£0.336986,,£7.997255,0.337,17/07/2022
18/07/2022 12:07:00,Premium Interest,£0.336986,,£8.334241,0.337,18/07/2022
19/07/2022 12:27:00,Premium Interest,£0.336986,,£8.671227,0.337,19/07/2022
20/07/2022 12:08:00,Premium Interest,£0.336986,,£9.008213,0.337,20/07/2022
21/07/2022 12:35:00,Premium Interest,£0.336986,,£9.345199,0.337,21/07/2022
22/07/2022 12:38:00,Premium Interest,£0.336986,,£9.682185,0.337,22/07/2022
23/07/2022 12:23:00,Transfer to Premium,,£10.000000,£0.019171,-10.000,23/07/2022
23/07/2022 12:23:00,Premium Interest,£0.336986,,£10.019171,0.337,23/07/2022
24/07/2022 12:34:00,Premium Interest,£0.338109,,£0.357280,0.338,24/07/2022
25/07/2022 12:26:00,Premium Interest,£0.338109,,£0.695389,0.338,25/07/2022
26/07/2022 12:40:00,Premium Interest,£0.338109,,£1.033498,0.338,26/07/2022
27/07/2022 12:55:00,Premium Interest,£0.338109,,£1.371607,0.338,27/07/2022
28/07/2022 11:43:00,Premium Interest,£0.338109,,£1.709716,0.338,28/07/2022
29/07/2022 08:06:00,Premium Interest,£0.338109,,£2.047825,0.338,29/07/2022
30/07/2022 08:06:00,Premium Interest,£0.338109,,£2.385934,0.338,30/07/2022
31/07/2022 08:05:00,Premium Interest,£0.338109,,£2.724043,0.338,31/07/2022
01/08/2022 08:06:00,Premium Interest,£0.338109,,£3.062152,0.338,01/08/2022
02/08/2022 08:07:00,Premium Interest,£0.346356,,£3.408508,0.346,02/08/2022
03/08/2022 08:05:00,Premium Interest,£0.346356,,£3.754864,0.346,03/08/2022
04/08/2022 08:06:00,Premium Interest,£0.346356,,£4.101220,0.346,04/08/2022
05/08/2022 08:05:00,Premium Interest,£0.346356,,£4.447576,0.346,05/08/2022
06/08/2022 08:06:00,Premium Interest,£0.346356,,£4.793932,0.346,06/08/2022
07/08/2022 08:06:00,Premium Interest,£0.346356,,£5.140288,0.346,07/08/2022
08/08/2022 08:05:00,Premium Interest,£0.346356,,£5.486644,0.346,08/08/2022
09/08/2022 08:06:00,Premium Interest,£0.346356,,£5.833000,0.346,09/08/2022
10/08/2022 08:05:00,Premium Interest,£0.346356,,£6.179356,0.346,10/08/2022
11/08/2022 08:05:00,Premium Interest,£0.346356,,£6.525712,0.346,11/08/2022
12/08/2022 08:07:00,Premium Interest,£0.346356,,£6.872068,0.346,12/08/2022
13/08/2022 08:05:00,Premium Interest,£0.346356,,£7.218424,0.346,13/08/2022
14/08/2022 08:06:00,Premium Interest,£0.346356,,£7.564780,0.346,14/08/2022
15/08/2022 08:05:00,Premium Interest,£0.346356,,£7.911136,0.346,15/08/2022
16/08/2022 08:06:00,Premium Interest,£0.346356,,£8.257492,0.346,16/08/2022
17/08/2022 08:06:00,Premium Interest,£0.346356,,£8.603848,0.346,17/08/2022
18/08/2022 08:06:00,Premium Interest,£0.346356,,£8.950204,0.346,18/08/2022
19/08/2022 08:06:00,Premium Interest,£0.346356,,£9.296560,0.346,19/08/2022
20/08/2022 08:07:00,Premium Interest,£0.346356,,£9.642916,0.346,20/08/2022
21/08/2022 08:05:00,Premium Interest,£0.346356,,£9.989272,0.346,21/08/2022
22/08/2022 08:04:00,Transfer to Premium,,£10.000000,£0.335628,-10.000,22/08/2022
22/08/2022 08:04:00,Premium Interest,£0.346356,,£10.335628,0.346,22/08/2022
23/08/2022 08:06:00,Premium Interest,£0.347506,,£0.683134,0.348,23/08/2022
24/08/2022 08:06:00,Premium Interest,£0.347506,,£1.030640,0.348,24/08/2022
25/08/2022 08:07:00,Premium Interest,£0.347506,,£1.378146,0.348,25/08/2022
26/08/2022 08:06:00,Premium Interest,£0.347506,,£1.725652,0.348,26/08/2022
27/08/2022 08:05:00,Premium Interest,£0.347506,,£2.073158,0.348,27/08/2022
28/08/2022 08:06:00,Premium Interest,£0.347506,,£2.420664,0.348,28/08/2022
29/08/2022 08:05:00,Premium Interest,£0.347506,,£2.768170,0.348,29/08/2022
30/08/2022 08:05:00,Premium Interest,£0.347506,,£3.115676,0.348,30/08/2022
31/08/2022 08:05:00,Premium Interest,£0.347506,,£3.463182,0.348,31/08/2022
01/09/2022 08:09:00,Premium Interest,£0.347506,,£3.810688,0.348,01/09/2022
02/09/2022 08:07:00,Premium Interest,£0.355780,,£4.166468,0.356,02/09/2022
03/09/2022 08:06:00,Premium Interest,£0.355780,,£4.522248,0.356,03/09/2022
04/09/2022 08:05:00,Premium Interest,£0.355780,,£4.878028,0.356,04/09/2022
05/09/2022 08:06:00,Premium Interest,£0.355780,,£5.233808,0.356,05/09/2022
06/09/2022 08:07:00,Premium Interest,£0.355780,,£5.589588,0.356,06/09/2022
07/09/2022 08:07:00,Premium Interest,£0.355780,,£5.945368,0.356,07/09/2022
08/09/2022 08:06:00,Premium Interest,£0.355780,,£6.301148,0.356,08/09/2022
09/09/2022 08:07:00,Premium Interest,£0.355780,,£6.656928,0.356,09/09/2022
10/09/2022 08:06:00,Premium Interest,£0.355780,,£7.012708,0.356,10/09/2022
11/09/2022 08:06:00,Premium Interest,£0.355780,,£7.368488,0.356,11/09/2022
12/09/2022 08:07:00,Premium Interest,£0.355780,,£7.724268,0.356,12/09/2022
13/09/2022 08:06:00,Premium Interest,£0.355780,,£8.080048,0.356,13/09/2022
14/09/2022 08:07:00,Premium Interest,£0.355780,,£8.435828,0.356,14/09/2022
15/09/2022 08:07:00,Premium Interest,£0.355780,,£8.791608,0.356,15/09/2022
16/09/2022 08:06:00,Premium Interest,£0.355780,,£9.147388,0.356,16/09/2022
17/09/2022 08:07:00,Premium Interest,£0.355780,,£9.503168,0.356,17/09/2022
18/09/2022 08:05:00,Premium Interest,£0.355780,,£9.858948,0.356,18/09/2022
19/09/2022 08:07:00,Transfer to Premium,,£10.000000,£0.214728,-10.000,19/09/2022
19/09/2022 08:07:00,Premium Interest,£0.355780,,£10.214728,0.356,19/09/2022
20/09/2022 08:05:00,Premium Interest,£0.356958,,£0.571686,0.357,20/09/2022
21/09/2022 08:06:00,Premium Interest,£0.356958,,£0.928644,0.357,21/09/2022
22/09/2022 08:07:00,Premium Interest,£0.356958,,£1.285602,0.357,22/09/2022
23/09/2022 08:06:00,Premium Interest,£0.356958,,£1.642560,0.357,23/09/2022
24/09/2022 08:07:00,Premium Interest,£0.356958,,£1.999518,0.357,24/09/2022
25/09/2022 08:06:00,Premium Interest,£0.356958,,£2.356476,0.357,25/09/2022
26/09/2022 08:06:00,Premium Interest,£0.356958,,£2.713434,0.357,26/09/2022
27/09/2022 08:08:00,Premium Interest,£0.356958,,£3.070392,0.357,27/09/2022
28/09/2022 08:08:00,Premium Interest,£0.356958,,£3.427350,0.357,28/09/2022
29/09/2022 08:08:00,Premium Interest,£0.356958,,£3.784308,0.357,29/09/2022
30/09/2022 08:09:00,Premium Interest,£0.356958,,£4.141266,0.357,30/09/2022
01/10/2022 08:08:00,Premium Interest,£0.356958,,£4.498224,0.357,01/10/2022
02/10/2022 08:07:00,Premium Interest,£0.365260,,£4.863484,0.365,02/10/2022
03/10/2022 08:06:00,Premium Interest,£0.365260,,£5.228744,0.365,03/10/2022
03/10/2022 16:44:00,Bank Deposit,"£1,000.000000",,"£1,005.228744","1,000.000",03/10/2022
04/10/2022 08:06:00,Transfer to Premium,,"£1,000.000000",£5.594004,"-1,000.000",04/10/2022
04/10/2022 08:06:00,Premium Interest,£0.365260,,"£1,005.594004",0.365,04/10/2022
05/10/2022 08:08:00,Premium Interest,£0.485808,,£6.079812,0.486,05/10/2022
06/10/2022 08:07:00,Premium Interest,£0.485808,,£6.565620,0.486,06/10/2022
07/10/2022 08:08:00,Premium Interest,£0.485808,,£7.051428,0.486,07/10/2022
08/10/2022 08:06:00,Premium Interest,£0.485808,,£7.537236,0.486,08/10/2022
09/10/2022 08:07:00,Premium Interest,£0.485808,,£8.023044,0.486,09/10/2022
10/10/2022 08:06:00,Premium Interest,£0.485808,,£8.508852,0.486,10/10/2022
11/10/2022 08:08:00,Premium Interest,£0.485808,,£8.994660,0.486,11/10/2022
12/10/2022 08:07:00,Premium Interest,£0.485808,,£9.480468,0.486,12/10/2022
13/10/2022 08:07:00,Premium Interest,£0.485808,,£9.966276,0.486,13/10/2022
14/10/2022 08:06:00,Premium Interest,£0.485808,,£10.452084,0.486,14/10/2022
14/10/2022 08:07:00,Transfer to Premium,,£10.000000,£0.452084,-10.000,14/10/2022
15/10/2022 08:05:00,Premium Interest,£0.487013,,£0.939097,0.487,15/10/2022
16/10/2022 08:06:00,Premium Interest,£0.487013,,£1.426110,0.487,16/10/2022
17/10/2022 08:05:00,Premium Interest,£0.487013,,£1.913123,0.487,17/10/2022
18/10/2022 08:06:00,Premium Interest,£0.487013,,£2.400136,0.487,18/10/2022
19/10/2022 08:06:00,Premium Interest,£0.487013,,£2.887149,0.487,19/10/2022
20/10/2022 08:05:00,Premium Interest,£0.487013,,£3.374162,0.487,20/10/2022
21/10/2022 08:06:00,Premium Interest,£0.487013,,£3.861175,0.487,21/10/2022
22/10/2022 08:06:00,Premium Interest,£0.487013,,£4.348188,0.487,22/10/2022
23/10/2022 08:06:00,Premium Interest,£0.487013,,£4.835201,0.487,23/10/2022
24/10/2022 08:05:00,Premium Interest,£0.487013,,£5.322214,0.487,24/10/2022
25/10/2022 08:07:00,Premium Interest,£0.487013,,£5.809227,0.487,25/10/2022
26/10/2022 08:06:00,Premium Interest,£0.487013,,£6.296240,0.487,26/10/2022
27/10/2022 08:06:00,Premium Interest,£0.487013,,£6.783253,0.487,27/10/2022
28/10/2022 08:07:00,Premium Interest,£0.487013,,£7.270266,0.487,28/10/2022
29/10/2022 08:06:00,Premium Interest,£0.487013,,£7.757279,0.487,29/10/2022
30/10/2022 08:06:00,Premium Interest,£0.487013,,£8.244292,0.487,30/10/2022
31/10/2022 08:05:00,Premium Interest,£0.487013,,£8.731305,0.487,31/10/2022
01/11/2022 08:07:00,Premium Interest,£0.487013,,£9.218318,0.487,01/11/2022
02/11/2022 08:08:00,Premium Interest,£0.509150,,£9.727468,0.509,02/11/2022
03/11/2022 08:08:00,Transfer to Premium,,£10.000000,£0.236618,-10.000,03/11/2022
03/11/2022 08:08:00,Premium Interest,£0.509150,,£10.236618,0.509,03/11/2022
04/11/2022 08:07:00,Premium Interest,£0.510410,,£0.747028,0.510,04/11/2022
05/11/2022 08:07:00,Premium Interest,£0.510410,,£1.257438,0.510,05/11/2022
06/11/2022 08:08:00,Premium Interest,£0.510410,,£1.767848,0.510,06/11/2022
07/11/2022 08:06:00,Premium Interest,£0.510410,,£2.278258,0.510,07/11/2022
08/11/2022 08:06:00,Premium Interest,£0.510410,,£2.788668,0.510,08/11/2022
09/11/2022 08:06:00,Premium Interest,£0.510410,,£3.299078,0.510,09/11/2022
10/11/2022 08:06:00,Premium Interest,£0.510410,,£3.809488,0.510,10/11/2022
11/11/2022 08:06:00,Premium Interest,£0.510410,,£4.319898,0.510,11/11/2022
12/11/2022 08:08:00,Premium Interest,£0.510410,,£4.830308,0.510,12/11/2022
13/11/2022 08:06:00,Premium Interest,£0.510410,,£5.340718,0.510,13/11/2022
14/11/2022 08:06:00,Premium Interest,£0.510410,,£5.851128,0.510,14/11/2022
15/11/2022 08:07:00,Premium Interest,£0.510410,,£6.361538,0.510,15/11/2022
16/11/2022 08:07:00,Premium Interest,£0.510410,,£6.871948,0.510,16/11/2022
17/11/2022 08:06:00,Premium Interest,£0.510410,,£7.382358,0.510,17/11/2022
18/11/2022 08:07:00,Premium Interest,£0.510410,,£7.892768,0.510,18/11/2022
19/11/2022 08:09:00,Premium Interest,£0.510410,,£8.403178,0.510,19/11/2022
20/11/2022 08:06:00,Premium Interest,£0.510410,,£8.913588,0.510,20/11/2022
21/11/2022 08:06:00,Premium Interest,£0.510410,,£9.423998,0.510,21/11/2022
22/11/2022 08:07:00,Premium Interest,£0.510410,,£9.934408,0.510,22/11/2022
23/11/2022 08:07:00,Transfer to Premium,,£10.000000,£0.444818,-10.000,23/11/2022
23/11/2022 08:07:00,Premium Interest,£0.510410,,£10.444818,0.510,23/11/2022
24/11/2022 08:07:00,Premium Interest,£0.511671,,£0.956489,0.512,24/11/2022
25/11/2022 08:06:00,Premium Interest,£0.511671,,£1.468160,0.512,25/11/2022
26/11/2022 08:06:00,Premium Interest,£0.511671,,£1.979831,0.512,26/11/2022
27/11/2022 08:07:00,Premium Interest,£0.511671,,£2.491502,0.512,27/11/2022
28/11/2022 08:05:00,Premium Interest,£0.511671,,£3.003173,0.512,28/11/2022
29/11/2022 08:08:00,Premium Interest,£0.511671,,£3.514844,0.512,29/11/2022
30/11/2022 08:08:00,Premium Interest,£0.511671,,£4.026515,0.512,30/11/2022
01/12/2022 08:08:00,Premium Interest,£0.511671,,£4.538186,0.512,01/12/2022
02/12/2022 08:07:00,Premium Interest,£0.533917,,£5.072103,0.534,02/12/2022
03/12/2022 08:07:00,Premium Interest,£0.533917,,£5.606020,0.534,03/12/2022
04/12/2022 08:07:00,Premium Interest,£0.533917,,£6.139937,0.534,04/12/2022
05/12/2022 08:06:00,Premium Interest,£0.533917,,£6.673854,0.534,05/12/2022
06/12/2022 08:08:00,Premium Interest,£0.533917,,£7.207771,0.534,06/12/2022
07/12/2022 08:09:00,Premium Interest,£0.533917,,£7.741688,0.534,07/12/2022
08/12/2022 08:06:00,Premium Interest,£0.533917,,£8.275605,0.534,08/12/2022
09/12/2022 08:08:00,Premium Interest,£0.533917,,£8.809522,0.534,09/12/2022
10/12/2022 08:07:00,Premium Interest,£0.533917,,£9.343439,0.534,10/12/2022
11/12/2022 08:07:00,Premium Interest,£0.533917,,£9.877356,0.534,11/12/2022
12/12/2022 08:06:00,Transfer to Premium,,£10.000000,£0.411273,-10.000,12/12/2022
12/12/2022 08:06:00,Premium Interest,£0.533917,,£10.411273,0.534,12/12/2022
13/12/2022 08:08:00,Premium Interest,£0.535232,,£0.946505,0.535,13/12/2022
14/12/2022 08:07:00,Premium Interest,£0.535232,,£1.481737,0.535,14/12/2022
15/12/2022 08:08:00,Premium Interest,£0.535232,,£2.016969,0.535,15/12/2022
16/12/2022 08:07:00,Premium Interest,£0.535232,,£2.552201,0.535,16/12/2022
17/12/2022 08:09:00,Premium Interest,£0.535232,,£3.087433,0.535,17/12/2022
18/12/2022 08:06:00,Premium Interest,£0.535232,,£3.622665,0.535,18/12/2022
19/12/2022 08:06:00,Premium Interest,£0.535232,,£4.157897,0.535,19/12/2022
20/12/2022 08:09:00,Premium Interest,£0.535232,,£4.693129,0.535,20/12/2022
21/12/2022 08:07:00,Premium Interest,£0.535232,,£5.228361,0.535,21/12/2022
22/12/2022 08:06:00,Premium Interest,£0.535232,,£5.763593,0.535,22/12/2022
23/12/2022 08:07:00,Premium Interest,£0.535232,,£6.298825,0.535,23/12/2022
24/12/2022 08:08:00,Premium Interest,£0.535232,,£6.834057,0.535,24/12/2022
25/12/2022 08:07:00,Premium Interest,£0.535232,,£7.369289,0.535,25/12/2022
26/12/2022 08:06:00,Premium Interest,£0.535232,,£7.904521,0.535,26/12/2022
27/12/2022 08:06:00,Premium Interest,£0.535232,,£8.439753,0.535,27/12/2022
28/12/2022 08:06:00,Premium Interest,£0.535232,,£8.974985,0.535,28/12/2022
29/12/2022 08:08:00,Premium Interest,£0.535232,,£9.510217,0.535,29/12/2022
30/12/2022 08:08:00,Transfer to Premium,,£10.000000,£0.045449,-10.000,30/12/2022
30/12/2022 08:08:00,Premium Interest,£0.535232,,£10.045449,0.535,30/12/2022
31/12/2022 08:07:00,Premium Interest,£0.536547,,£0.581996,0.537,31/12/2022
01/01/2023 08:08:00,Premium Interest,£0.536547,,£1.118543,0.537,01/01/2023
02/01/2023 08:06:00,Premium Interest,£0.547726,,£1.666269,0.548,02/01/2023
03/01/2023 08:08:00,Premium Interest,£0.547726,,£2.213995,0.548,03/01/2023
04/01/2023 08:08:00,Premium Interest,£0.547726,,£2.761721,0.548,04/01/2023
05/01/2023 08:08:00,Premium Interest,£0.547726,,£3.309447,0.548,05/01/2023
06/01/2023 08:09:00,Premium Interest,£0.547726,,£3.857173,0.548,06/01/2023
07/01/2023 08:09:00,Premium Interest,£0.547726,,£4.404899,0.548,07/01/2023
08/01/2023 08:08:00,Premium Interest,£0.547726,,£4.952625,0.548,08/01/2023
09/01/2023 08:07:00,Premium Interest,£0.547726,,£5.500351,0.548,09/01/2023
09/01/2023 17:31:00,Bank Deposit,"£1,000.000000",,"£1,005.500351","1,000.000",09/01/2023
10/01/2023 08:08:00,Transfer to Premium,,"£1,000.000000",£6.048077,"-1,000.000",10/01/2023
10/01/2023 08:08:00,Premium Interest,£0.547726,,"£1,006.048077",0.548,10/01/2023
11/01/2023 08:07:00,Premium Interest,£0.681972,,£6.730049,0.682,11/01/2023
12/01/2023 08:09:00,Premium Interest,£0.681972,,£7.412021,0.682,12/01/2023
13/01/2023 08:10:00,Premium Interest,£0.681972,,£8.093993,0.682,13/01/2023
14/01/2023 08:10:00,Premium Interest,£0.681972,,£8.775965,0.682,14/01/2023
15/01/2023 08:07:00,Premium Interest,£0.681972,,£9.457937,0.682,15/01/2023
16/01/2023 08:10:00,Transfer to Premium,,£10.000000,£0.139909,-10.000,16/01/2023
16/01/2023 08:10:00,Premium Interest,£0.681972,,£10.139909,0.682,16/01/2023
17/01/2023 08:09:00,Premium Interest,£0.683315,,£0.823224,0.683,17/01/2023
18/01/2023 08:10:00,Premium Interest,£0.683315,,£1.506539,0.683,18/01/2023
19/01/2023 08:08:00,Premium Interest,£0.683315,,£2.189854,0.683,19/01/2023
20/01/2023 08:07:00,Premium Interest,£0.683315,,£2.873169,0.683,20/01/2023
21/01/2023 08:08:00,Premium Interest,£0.683315,,£3.556484,0.683,21/01/2023
22/01/2023 08:09:00,Premium Interest,£0.683315,,£4.239799,0.683,22/01/2023
23/01/2023 08:07:00,Premium Interest,£0.683315,,£4.923114,0.683,23/01/2023
24/01/2023 08:08:00,Premium Interest,£0.683315,,£5.606429,0.683,24/01/2023
25/01/2023 08:08:00,Premium Interest,£0.683315,,£6.289744,0.683,25/01/2023
26/01/2023 08:08:00,Premium Interest,£0.683315,,£6.973059,0.683,26/01/2023
27/01/2023 08:08:00,Premium Interest,£0.683315,,£7.656374,0.683,27/01/2023
28/01/2023 08:12:00,Premium Interest,£0.683315,,£8.339689,0.683,28/01/2023
29/01/2023 08:08:00,Premium Interest,£0.683315,,£9.023004,0.683,29/01/2023
30/01/2023 08:07:00,Premium Interest,£0.683315,,£9.706319,0.683,30/01/2023
31/01/2023 08:07:00,Transfer to Premium,,£10.000000,£0.389634,-10.000,31/01/2023
31/01/2023 08:07:00,Premium Interest,£0.683315,,£10.389634,0.683,31/01/2023
01/02/2023 08:10:00,Premium Interest,£0.684657,,£1.074291,0.685,01/02/2023
02/02/2023 08:10:00,Premium Interest,£0.698630,,£1.772921,0.699,02/02/2023
03/02/2023 08:09:00,Premium Interest,£0.698630,,£2.471551,0.699,03/02/2023
04/02/2023 08:12:00,Premium Interest,£0.698630,,£3.170181,0.699,04/02/2023
05/02/2023 08:08:00,Premium Interest,£0.698630,,£3.868811,0.699,05/02/2023
06/02/2023 08:07:00,Premium Interest,£0.698630,,£4.567441,0.699,06/02/2023
07/02/2023 08:07:00,Premium Interest,£0.698630,,£5.266071,0.699,07/02/2023
08/02/2023 08:09:00,Premium Interest,£0.698630,,£5.964701,0.699,08/02/2023
09/02/2023 08:09:00,Premium Interest,£0.698630,,£6.663331,0.699,09/02/2023
10/02/2023 08:09:00,Premium Interest,£0.698630,,£7.361961,0.699,10/02/2023
11/02/2023 08:10:00,Premium Interest,£0.698630,,£8.060591,0.699,11/02/2023
12/02/2023 08:07:00,Premium Interest,£0.698630,,£8.759221,0.699,12/02/2023
13/02/2023 08:07:00,Premium Interest,£0.698630,,£9.457851,0.699,13/02/2023
14/02/2023 08:10:00,Transfer to Premium,,£10.000000,£0.156481,-10.000,14/02/2023
14/02/2023 08:10:00,Premium Interest,£0.698630,,£10.156481,0.699,14/02/2023
15/02/2023 08:08:00,Premium Interest,£0.700000,,£0.856481,0.700,15/02/2023
16/02/2023 08:07:00,Premium Interest,£0.700000,,£1.556481,0.700,16/02/2023
17/02/2023 08:08:00,Premium Interest,£0.700000,,£2.256481,0.700,17/02/2023
18/02/2023 08:09:00,Premium Interest,£0.700000,,£2.956481,0.700,18/02/2023
19/02/2023 08:06:00,Premium Interest,£0.700000,,£3.656481,0.700,19/02/2023
20/02/2023 08:07:00,Premium Interest,£0.700000,,£4.356481,0.700,20/02/2023
21/02/2023 08:10:00,Premium Interest,£0.700000,,£5.056481,0.700,21/02/2023
22/02/2023 08:08:00,Premium Interest,£0.700000,,£5.756481,0.700,22/02/2023
23/02/2023 08:08:00,Premium Interest,£0.700000,,£6.456481,0.700,23/02/2023
24/02/2023 08:09:00,Premium Interest,£0.700000,,£7.156481,0.700,24/02/2023
25/02/2023 08:09:00,Premium Interest,£0.700000,,£7.856481,0.700,25/02/2023
26/02/2023 08:09:00,Premium Interest,£0.700000,,£8.556481,0.700,26/02/2023
27/02/2023 08:08:00,Premium Interest,£0.700000,,£9.256481,0.700,27/02/2023
28/02/2023 08:08:00,Premium Interest,£0.700000,,£9.956481,0.700,28/02/2023
01/03/2023 08:09:00,Transfer to Premium,,£10.000000,£0.656481,-10.000,01/03/2023
01/03/2023 08:09:00,Premium Interest,£0.700000,,£10.656481,0.700,01/03/2023
02/03/2023 08:07:00,Premium Interest,£0.701369,,£1.357850,0.701,02/03/2023
03/03/2023 08:08:00,Premium Interest,£0.701369,,£2.059219,0.701,03/03/2023
04/03/2023 08:08:00,Premium Interest,£0.701369,,£2.760588,0.701,04/03/2023
05/03/2023 08:11:00,Premium Interest,£0.701369,,£3.461957,0.701,05/03/2023
06/03/2023 08:08:00,Premium Interest,£0.701369,,£4.163326,0.701,06/03/2023
07/03/2023 08:08:00,Premium Interest,£0.701369,,£4.864695,0.701,07/03/2023
08/03/2023 08:08:00,Premium Interest,£0.701369,,£5.566064,0.701,08/03/2023
09/03/2023 08:08:00,Premium Interest,£0.701369,,£6.267433,0.701,09/03/2023
10/03/2023 08:10:00,Premium Interest,£0.701369,,£6.968802,0.701,10/03/2023
11/03/2023 08:08:00,Premium Interest,£0.701369,,£7.670171,0.701,11/03/2023
12/03/2023 08:07:00,Premium Interest,£0.701369,,£8.371540,0.701,12/03/2023
13/03/2023 08:07:00,Premium Interest,£0.701369,,£9.072909,0.701,13/03/2023
14/03/2023 08:08:00,Premium Interest,£0.701369,,£9.774278,0.701,14/03/2023
15/03/2023 08:10:00,Transfer to Premium,,£10.000000,£0.475647,-10.000,15/03/2023
15/03/2023 08:10:00,Premium Interest,£0.701369,,£10.475647,0.701,15/03/2023
16/03/2023 08:07:00,Premium Interest,£0.702739,,£1.178386,0.703,16/03/2023
17/03/2023 08:09:00,Premium Interest,£0.702739,,£1.881125,0.703,17/03/2023
18/03/2023 08:07:00,Premium Interest,£0.702739,,£2.583864,0.703,18/03/2023
19/03/2023 08:08:00,Premium Interest,£0.702739,,£3.286603,0.703,19/03/2023
20/03/2023 08:08:00,Premium Interest,£0.702739,,£3.989342,0.703,20/03/2023
21/03/2023 08:09:00,Premium Interest,£0.702739,,£4.692081,0.703,21/03/2023
22/03/2023 08:08:00,Premium Interest,£0.702739,,£5.394820,0.703,22/03/2023
23/03/2023 08:08:00,Premium Interest,£0.702739,,£6.097559,0.703,23/03/2023
24/03/2023 08:09:00,Premium Interest,£0.702739,,£6.800298,0.703,24/03/2023
25/03/2023 08:10:00,Premium Interest,£0.702739,,£7.503037,0.703,25/03/2023
26/03/2023 08:08:00,Premium Interest,£0.702739,,£8.205776,0.703,26/03/2023
27/03/2023 08:08:00,Premium Interest,£0.702739,,£8.908515,0.703,27/03/2023
28/03/2023 08:09:00,Premium Interest,£0.702739,,£9.611254,0.703,28/03/2023
29/03/2023 08:10:00,Transfer to Premium,,£10.000000,£0.313993,-10.000,29/03/2023
29/03/2023 08:10:00,Premium Interest,£0.702739,,£10.313993,0.703,29/03/2023
30/03/2023 08:09:00,Premium Interest,£0.704109,,£1.018102,0.704,30/03/2023
31/03/2023 08:09:00,Premium Interest,£0.704109,,£1.722211,0.704,31/03/2023
01/04/2023 08:11:00,Premium Interest,£0.704109,,£2.426320,0.704,01/04/2023
02/04/2023 08:08:00,Premium Interest,£0.732273,,£3.158593,0.732,02/04/2023
03/04/2023 08:09:00,Premium Interest,£0.732273,,£3.890866,0.732,03/04/2023
04/04/2023 08:09:00,Premium Interest,£0.732273,,£4.623139,0.732,04/04/2023
05/04/2023 08:13:00,Premium Interest,£0.732273,,£5.355412,0.732,05/04/2023
06/04/2023 08:10:00,Premium Interest,£0.732273,,£6.087685,0.732,06/04/2023
07/04/2023 08:11:00,Premium Interest,£0.732273,,£6.819958,0.732,07/04/2023
08/04/2023 08:08:00,Premium Interest,£0.732273,,£7.552231,0.732,08/04/2023
09/04/2023 08:09:00,Premium Interest,£0.732273,,£8.284504,0.732,09/04/2023
10/04/2023 08:07:00,Premium Interest,£0.732273,,£9.016777,0.732,10/04/2023
11/04/2023 08:09:00,Premium Interest,£0.732273,,£9.749050,0.732,11/04/2023
12/04/2023 08:12:00,Transfer to Premium,,£10.000000,£0.481323,-10.000,12/04/2023
12/04/2023 08:12:00,Premium Interest,£0.732273,,£10.481323,0.732,12/04/2023
13/04/2023 08:09:00,Premium Interest,£0.733698,,£1.215021,0.734,13/04/2023
14/04/2023 08:08:00,Premium Interest,£0.733698,,£1.948719,0.734,14/04/2023
15/04/2023 08:09:00,Premium Interest,£0.733698,,£2.682417,0.734,15/04/2023
16/04/2023 08:08:00,Premium Interest,£0.733698,,£3.416115,0.734,16/04/2023
17/04/2023 08:07:00,Premium Interest,£0.733698,,£4.149813,0.734,17/04/2023
18/04/2023 08:10:00,Premium Interest,£0.733698,,£4.883511,0.734,18/04/2023
19/04/2023 08:10:00,Premium Interest,£0.733698,,£5.617209,0.734,19/04/2023
20/04/2023 08:10:00,Premium Interest,£0.733698,,£6.350907,0.734,20/04/2023
21/04/2023 08:10:00,Premium Interest,£0.733698,,£7.084605,0.734,21/04/2023
22/04/2023 08:10:00,Premium Interest,£0.733698,,£7.818303,0.734,22/04/2023
23/04/2023 08:08:00,Premium Interest,£0.733698,,£8.552001,0.734,23/04/2023
24/04/2023 08:08:00,Premium Interest,£0.733698,,£9.285699,0.734,24/04/2023
25/04/2023 08:11:00,Transfer to Premium,,£10.000000,£0.019397,-10.000,25/04/2023
25/04/2023 08:11:00,Premium Interest,£0.733698,,£10.019397,0.734,25/04/2023
26/04/2023 08:10:00,Premium Interest,£0.735123,,£0.754520,0.735,26/04/2023
27/04/2023 08:08:00,Premium Interest,£0.735123,,£1.489643,0.735,27/04/2023
28/04/2023 08:10:00,Premium Interest,£0.735123,,£2.224766,0.735,28/04/2023
29/04/2023 08:10:00,Premium Interest,£0.735123,,£2.959889,0.735,29/04/2023
30/04/2023 08:08:00,Premium Interest,£0.735123,,£3.695012,0.735,30/04/2023
01/05/2023 08:07:00,Premium Interest,£0.735123,,£4.430135,0.735,01/05/2023
02/05/2023 08:09:00,Premium Interest,£0.763397,,£5.193532,0.763,02/05/2023
03/05/2023 08:14:00,Premium Interest,£0.763397,,£5.956929,0.763,03/05/2023
04/05/2023 08:10:00,Premium Interest,£0.763397,,£6.720326,0.763,04/05/2023
05/05/2023 08:09:00,Premium Interest,£0.763397,,£7.483723,0.763,05/05/2023
06/05/2023 08:12:00,Premium Interest,£0.763397,,£8.247120,0.763,06/05/2023
07/05/2023 08:09:00,Premium Interest,£0.763397,,£9.010517,0.763,07/05/2023
08/05/2023 08:10:00,Premium Interest,£0.763397,,£9.773914,0.763,08/05/2023
09/05/2023 08:11:00,Transfer to Premium,,£10.000000,£0.537311,-10.000,09/05/2023
09/05/2023 08:11:00,Premium Interest,£0.763397,,£10.537311,0.763,09/05/2023
10/05/2023 08:11:00,Premium Interest,£0.764876,,£1.302187,0.765,10/05/2023
11/05/2023 08:12:00,Premium Interest,£0.764876,,£2.067063,0.765,11/05/2023
12/05/2023 08:11:00,Premium Interest,£0.764876,,£2.831939,0.765,12/05/2023
13/05/2023 08:11:00,Premium Interest,£0.764876,,£3.596815,0.765,13/05/2023
14/05/2023 08:12:00,Premium Interest,£0.764876,,£4.361691,0.765,14/05/2023
15/05/2023 08:11:00,Premium Interest,£0.764876,,£5.126567,0.765,15/05/2023
16/05/2023 08:09:00,Premium Interest,£0.764876,,£5.891443,0.765,16/05/2023
17/05/2023 08:09:00,Premium Interest,£0.764876,,£6.656319,0.765,17/05/2023
18/05/2023 08:10:00,Premium Interest,£0.764876,,£7.421195,0.765,18/05/2023
19/05/2023 08:11:00,Premium Interest,£0.764876,,£8.186071,0.765,19/05/2023
20/05/2023 08:12:00,Premium Interest,£0.764876,,£8.950947,0.765,20/05/2023
21/05/2023 08:10:00,Premium Interest,£0.764876,,£9.715823,0.765,21/05/2023
22/05/2023 08:09:00,Transfer to Premium,,£10.000000,£0.480699,-10.000,22/05/2023
22/05/2023 08:09:00,Premium Interest,£0.764876,,£10.480699,0.765,22/05/2023
23/05/2023 08:11:00,Premium Interest,£0.766356,,£1.247055,0.766,23/05/2023
24/05/2023 08:11:00,Premium Interest,£0.766356,,£2.013411,0.766,24/05/2023
25/05/2023 08:11:00,Premium Interest,£0.766356,,£2.779767,0.766,25/05/2023
26/05/2023 08:10:00,Premium Interest,£0.766356,,£3.546123,0.766,26/05/2023
27/05/2023 08:10:00,Premium Interest,£0.766356,,£4.312479,0.766,27/05/2023
28/05/2023 08:09:00,Premium Interest,£0.766356,,£5.078835,0.766,28/05/2023
29/05/2023 08:09:00,Premium Interest,£0.766356,,£5.845191,0.766,29/05/2023
30/05/2023 08:10:00,Premium Interest,£0.766356,,£6.611547,0.766,30/05/2023
31/05/2023 08:10:00,Premium Interest,£0.766356,,£7.377903,0.766,31/05/2023
01/06/2023 08:11:00,Premium Interest,£0.766356,,£8.144259,0.766,01/06/2023
02/06/2023 08:13:00,Premium Interest,£0.766356,,£8.910615,0.766,02/06/2023
03/06/2023 08:11:00,Premium Interest,£0.766356,,£9.676971,0.766,03/06/2023
04/06/2023 08:09:00,Transfer to Premium,,£10.000000,£0.443327,-10.000,04/06/2023
04/06/2023 08:09:00,Premium Interest,£0.766356,,£10.443327,0.766,04/06/2023
05/06/2023 08:09:00,Premium Interest,£0.767835,,£1.211162,0.768,05/06/2023
06/06/2023 08:10:00,Premium Interest,£0.767835,,£1.978997,0.768,06/06/2023
07/06/2023 08:09:00,Premium Interest,£0.767835,,£2.746832,0.768,07/06/2023
08/06/2023 08:10:00,Premium Interest,£0.767835,,£3.514667,0.768,08/06/2023
09/06/2023 08:11:00,Premium Interest,£0.767835,,£4.282502,0.768,09/06/2023
10/06/2023 08:10:00,Premium Interest,£0.767835,,£5.050337,0.768,10/06/2023
11/06/2023 08:10:00,Premium Interest,£0.767835,,£5.818172,0.768,11/06/2023
12/06/2023 08:09:00,Premium Interest,£0.767835,,£6.586007,0.768,12/06/2023
13/06/2023 08:10:00,Premium Interest,£0.767835,,£7.353842,0.768,13/06/2023
14/06/2023 08:10:00,Premium Interest,£0.767835,,£8.121677,0.768,14/06/2023
15/06/2023 08:10:00,Premium Interest,£0.767835,,£8.889512,0.768,15/06/2023
16/06/2023 08:10:00,Premium Interest,£0.767835,,£9.657347,0.768,16/06/2023
17/06/2023 08:10:00,Transfer to Premium,,£10.000000,£0.425182,-10.000,17/06/2023
17/06/2023 08:10:00,Premium Interest,£0.767835,,£10.425182,0.768,17/06/2023
18/06/2023 08:12:00,Premium Interest,£0.769315,,£1.194497,0.769,18/06/2023
19/06/2023 08:09:00,Premium Interest,£0.769315,,£1.963812,0.769,19/06/2023
20/06/2023 08:13:00,Premium Interest,£0.797808,,£2.761620,0.798,20/06/2023
21/06/2023 08:13:00,Premium Interest,£0.797808,,£3.559428,0.798,21/06/2023
22/06/2023 08:13:00,Premium Interest,£0.797808,,£4.357236,0.798,22/06/2023
23/06/2023 08:10:00,Premium Interest,£0.797808,,£5.155044,0.798,23/06/2023
24/06/2023 08:10:00,Premium Interest,£0.797808,,£5.952852,0.798,24/06/2023
25/06/2023 08:08:00,Premium Interest,£0.797808,,£6.750660,0.798,25/06/2023
26/06/2023 08:08:00,Premium Interest,£0.797808,,£7.548468,0.798,26/06/2023
27/06/2023 08:12:00,Premium Interest,£0.797808,,£8.346276,0.798,27/06/2023
28/06/2023 08:10:00,Premium Interest,£0.797808,,£9.144084,0.798,28/06/2023
29/06/2023 08:13:00,Premium Interest,£0.797808,,£9.941892,0.798,29/06/2023
30/06/2023 08:09:00,Transfer to Premium,,£10.000000,£0.739700,-10.000,30/06/2023
30/06/2023 08:09:00,Premium Interest,£0.797808,,£10.739700,0.798,30/06/2023
01/07/2023 08:12:00,Premium Interest,£0.799342,,£1.539042,0.799,01/07/2023
02/07/2023 08:12:00,Premium Interest,£0.799342,,£2.338384,0.799,02/07/2023
03/07/2023 08:13:00,Premium Interest,£0.799342,,£3.137726,0.799,03/07/2023
04/07/2023 08:11:00,Premium Interest,£0.799342,,£3.937068,0.799,04/07/2023
05/07/2023 08:12:00,Premium Interest,£0.799342,,£4.736410,0.799,05/07/2023
06/07/2023 08:12:00,Premium Interest,£0.799342,,£5.535752,0.799,06/07/2023
07/07/2023 08:14:00,Premium Interest,£0.799342,,£6.335094,0.799,07/07/2023
08/07/2023 08:12:00,Premium Interest,£0.799342,,£7.134436,0.799,08/07/2023
09/07/2023 08:10:00,Premium Interest,£0.799342,,£7.933778,0.799,09/07/2023
10/07/2023 08:10:00,Premium Interest,£0.799342,,£8.733120,0.799,10/07/2023
11/07/2023 08:12:00,Premium Interest,£0.799342,,£9.532462,0.799,11/07/2023
12/07/2023 08:12:00,Transfer to Premium,,£10.000000,£0.331804,-10.000,12/07/2023
12/07/2023 08:12:00,Premium Interest,£0.799342,,£10.331804,0.799,12/07/2023
13/07/2023 08:14:00,Premium Interest,£0.800876,,£1.132680,0.801,13/07/2023
14/07/2023 08:11:00,Premium Interest,£0.800876,,£1.933556,0.801,14/07/2023
15/07/2023 08:10:00,Premium Interest,£0.800876,,£2.734432,0.801,15/07/2023
16/07/2023 08:10:00,Premium Interest,£0.800876,,£3.535308,0.801,16/07/2023
17/07/2023 08:10:00,Premium Interest,£0.800876,,£4.336184,0.801,17/07/2023
18/07/2023 08:13:00,Premium Interest,£0.829479,,£5.165663,0.829,18/07/2023
19/07/2023 08:14:00,Premium Interest,£0.829479,,£5.995142,0.829,19/07/2023
20/07/2023 08:10:00,Premium Interest,£0.829479,,£6.824621,0.829,20/07/2023
21/07/2023 08:09:00,Premium Interest,£0.829479,,£7.654100,0.829,21/07/2023
22/07/2023 08:12:00,Premium Interest,£0.829479,,£8.483579,0.829,22/07/2023
23/07/2023 08:12:00,Premium Interest,£0.829479,,£9.313058,0.829,23/07/2023
24/07/2023 08:11:00,Transfer to Premium,,£10.000000,£0.142537,-10.000,24/07/2023
24/07/2023 08:11:00,Premium Interest,£0.829479,,£10.142537,0.829,24/07/2023
25/07/2023 08:11:00,Premium Interest,£0.831068,,£0.973605,0.831,25/07/2023
26/07/2023 08:12:00,Premium Interest,£0.831068,,£1.804673,0.831,26/07/2023
27/07/2023 08:12:00,Premium Interest,£0.831068,,£2.635741,0.831,27/07/2023
28/07/2023 08:14:00,Premium Interest,£0.831068,,£3.466809,0.831,28/07/2023
29/07/2023 08:12:00,Premium Interest,£0.831068,,£4.297877,0.831,29/07/2023
30/07/2023 08:10:00,Premium Interest,£0.831068,,£5.128945,0.831,30/07/2023
31/07/2023 08:12:00,Premium Interest,£0.831068,,£5.960013,0.831,31/07/2023
01/08/2023 08:17:00,Premium Interest,£0.831068,,£6.791081,0.831,01/08/2023
02/08/2023 08:12:00,Premium Interest,£0.859726,,£7.650807,0.860,02/08/2023
03/08/2023 08:12:00,Premium Interest,£0.859726,,£8.510533,0.860,03/08/2023
04/08/2023 08:14:00,Premium Interest,£0.859726,,£9.370259,0.860,04/08/2023
05/08/2023 08:11:00,Transfer to Premium,,£10.000000,£0.229985,-10.000,05/08/2023
05/08/2023 08:11:00,Premium Interest,£0.859726,,£10.229985,0.860,05/08/2023
06/08/2023 08:10:00,Premium Interest,£0.861369,,£1.091354,0.861,06/08/2023
07/08/2023 08:12:00,Premium Interest,£0.861369,,£1.952723,0.861,07/08/2023
08/08/2023 08:12:00,Premium Interest,£0.861369,,£2.814092,0.861,08/08/2023
09/08/2023 08:14:00,Premium Interest,£0.861369,,£3.675461,0.861,09/08/2023
10/08/2023 08:16:00,Premium Interest,£0.861369,,£4.536830,0.861,10/08/2023
11/08/2023 08:10:00,Premium Interest,£0.861369,,£5.398199,0.861,11/08/2023
12/08/2023 08:13:00,Premium Interest,£0.861369,,£6.259568,0.861,12/08/2023
13/08/2023 08:11:00,Premium Interest,£0.861369,,£7.120937,0.861,13/08/2023
14/08/2023 08:11:00,Premium Interest,£0.861369,,£7.982306,0.861,14/08/2023
15/08/2023 08:16:00,Premium Interest,£0.861369,,£8.843675,0.861,15/08/2023
16/08/2023 08:13:00,Premium Interest,£0.875726,,£9.719401,0.876,16/08/2023
17/08/2023 08:11:00,Transfer to Premium,,£10.000000,£0.595127,-10.000,17/08/2023
17/08/2023 08:11:00,Premium Interest,£0.875726,,£10.595127,0.876,17/08/2023
18/08/2023 08:14:00,Premium Interest,£0.877397,,£1.472524,0.877,18/08/2023
19/08/2023 08:12:00,Premium Interest,£0.877397,,£2.349921,0.877,19/08/2023
20/08/2023 08:12:00,Premium Interest,£0.877397,,£3.227318,0.877,20/08/2023
21/08/2023 08:12:00,Premium Interest,£0.877397,,£4.104715,0.877,21/08/2023
22/08/2023 08:15:00,Premium Interest,£0.877397,,£4.982112,0.877,22/08/2023
23/08/2023 08:11:00,Premium Interest,£0.877397,,£5.859509,0.877,23/08/2023
24/08/2023 08:12:00,Premium Interest,£0.877397,,£6.736906,0.877,24/08/2023
25/08/2023 08:14:00,Premium Interest,£0.877397,,£7.614303,0.877,25/08/2023
26/08/2023 08:13:00,Premium Interest,£0.877397,,£8.491700,0.877,26/08/2023
27/08/2023 08:12:00,Premium Interest,£0.877397,,£9.369097,0.877,27/08/2023
28/08/2023 08:11:00,Transfer to Premium,,£10.000000,£0.246494,-10.000,28/08/2023
28/08/2023 08:11:00,Premium Interest,£0.877397,,£10.246494,0.877,28/08/2023
29/08/2023 08:12:00,Premium Interest,£0.879068,,£1.125562,0.879,29/08/2023
30/08/2023 08:14:00,Premium Interest,£0.893479,,£2.019041,0.893,30/08/2023
31/08/2023 08:12:00,Premium Interest,£0.893479,,£2.912520,0.893,31/08/2023
01/09/2023 08:15:00,Premium Interest,£0.893479,,£3.805999,0.893,01/09/2023
02/09/2023 08:17:00,Premium Interest,£0.893479,,£4.699478,0.893,02/09/2023
03/09/2023 08:11:00,Premium Interest,£0.893479,,£5.592957,0.893,03/09/2023
04/09/2023 08:12:00,Premium Interest,£0.893479,,£6.486436,0.893,04/09/2023
05/09/2023 08:13:00,Premium Interest,£0.893479,,£7.379915,0.893,05/09/2023
06/09/2023 08:15:00,Premium Interest,£0.893479,,£8.273394,0.893,06/09/2023
07/09/2023 08:10:00,Premium Interest,£0.893479,,£9.166873,0.893,07/09/2023
08/09/2023 08:12:00,Transfer to Premium,,£10.000000,£0.060352,-10.000,08/09/2023
08/09/2023 08:12:00,Premium Interest,£0.893479,,£10.060352,0.893,08/09/2023
09/09/2023 08:11:00,Premium Interest,£0.895178,,£0.955530,0.895,09/09/2023
10/09/2023 08:11:00,Premium Interest,£0.895178,,£1.850708,0.895,10/09/2023
11/09/2023 08:13:00,Premium Interest,£0.895178,,£2.745886,0.895,11/09/2023
12/09/2023 08:14:00,Premium Interest,£0.909616,,£3.655502,0.910,12/09/2023
13/09/2023 08:12:00,Premium Interest,£0.909616,,£4.565118,0.910,13/09/2023
14/09/2023 08:10:00,Premium Interest,£0.909616,,£5.474734,0.910,14/09/2023
15/09/2023 08:11:00,Premium Interest,£0.909616,,£6.384350,0.910,15/09/2023
16/09/2023 08:12:00,Premium Interest,£0.909616,,£7.293966,0.910,16/09/2023
17/09/2023 08:10:00,Premium Interest,£0.909616,,£8.203582,0.910,17/09/2023
18/09/2023 08:11:00,Premium Interest,£0.909616,,£9.113198,0.910,18/09/2023
19/09/2023 08:12:00,Premium Interest,£0.909616,,£10.022814,0.910,19/09/2023
19/09/2023 08:13:00,Transfer to Premium,,£10.000000,£0.022814,-10.000,19/09/2023
20/09/2023 08:14:00,Premium Interest,£0.911342,,£0.934156,0.911,20/09/2023
21/09/2023 08:16:00,Premium Interest,£0.911342,,£1.845498,0.911,21/09/2023
22/09/2023 08:17:00,Premium Interest,£0.911342,,£2.756840,0.911,22/09/2023
23/09/2023 08:18:00,Premium Interest,£0.911342,,£3.668182,0.911,23/09/2023
24/09/2023 08:11:00,Premium Interest,£0.911342,,£4.579524,0.911,24/09/2023
25/09/2023 08:13:00,Premium Interest,£0.911342,,£5.490866,0.911,25/09/2023
26/09/2023 08:14:00,Premium Interest,£0.911342,,£6.402208,0.911,26/09/2023
27/09/2023 08:13:00,Premium Interest,£0.911342,,£7.313550,0.911,27/09/2023
28/09/2023 08:13:00,Premium Interest,£0.911342,,£8.224892,0.911,28/09/2023
29/09/2023 08:14:00,Premium Interest,£0.911342,,£9.136234,0.911,29/09/2023
30/09/2023 08:18:00,Transfer to Premium,,£10.000000,£0.047576,-10.000,30/09/2023
30/09/2023 08:18:00,Premium Interest,£0.911342,,£10.047576,0.911,30/09/2023
01/10/2023 08:14:00,Premium Interest,£0.913068,,£0.960644,0.913,01/10/2023
02/10/2023 08:10:00,Premium Interest,£0.913068,,£1.873712,0.913,02/10/2023
03/10/2023 08:16:00,Premium Interest,£0.927561,,£2.801273,0.928,03/10/2023
04/10/2023 08:14:00,Premium Interest,£0.927561,,£3.728834,0.928,04/10/2023
05/10/2023 08:13:00,Premium Interest,£0.927561,,£4.656395,0.928,05/10/2023
06/10/2023 08:16:00,Premium Interest,£0.927561,,£5.583956,0.928,06/10/2023
07/10/2023 08:12:00,Premium Interest,£0.927561,,£6.511517,0.928,07/10/2023
08/10/2023 08:12:00,Premium Interest,£0.927561,,£7.439078,0.928,08/10/2023
09/10/2023 08:12:00,Premium Interest,£0.927561,,£8.366639,0.928,09/10/2023
10/10/2023 08:12:00,Premium Interest,£0.927561,,£9.294200,0.928,10/10/2023
11/10/2023 08:12:00,Transfer to Premium,,£10.000000,£0.221761,-10.000,11/10/2023
11/10/2023 08:12:00,Premium Interest,£0.927561,,£10.221761,0.928,11/10/2023
12/10/2023 08:13:00,Premium Interest,£0.929315,,£1.151076,0.929,12/10/2023
13/10/2023 08:13:00,Premium Interest,£0.929315,,£2.080391,0.929,13/10/2023
14/10/2023 08:15:00,Premium Interest,£0.929315,,£3.009706,0.929,14/10/2023
15/10/2023 08:12:00,Premium Interest,£0.929315,,£3.939021,0.929,15/10/2023
16/10/2023 08:11:00,Premium Interest,£0.929315,,£4.868336,0.929,16/10/2023
17/10/2023 08:14:00,Premium Interest,£0.943835,,£5.812171,0.944,17/10/2023
18/10/2023 08:14:00,Premium Interest,£0.943835,,£6.756006,0.944,18/10/2023
19/10/2023 08:14:00,Premium Interest,£0.943835,,£7.699841,0.944,19/10/2023
20/10/2023 08:15:00,Premium Interest,£0.943835,,£8.643676,0.944,20/10/2023
21/10/2023 08:14:00,Premium Interest,£0.943835,,£9.587511,0.944,21/10/2023
22/10/2023 08:14:00,Transfer to Premium,,£10.000000,£0.531346,-10.000,22/10/2023
22/10/2023 08:14:00,Premium Interest,£0.943835,,£10.531346,0.944,22/10/2023
23/10/2023 08:12:00,Premium Interest,£0.945616,,£1.476962,0.946,23/10/2023
24/10/2023 08:17:00,Premium Interest,£0.945616,,£2.422578,0.946,24/10/2023
25/10/2023 08:15:00,Premium Interest,£0.945616,,£3.368194,0.946,25/10/2023
26/10/2023 08:13:00,Premium Interest,£0.945616,,£4.313810,0.946,26/10/2023
27/10/2023 08:16:00,Premium Interest,£0.945616,,£5.259426,0.946,27/10/2023
28/10/2023 08:13:00,Premium Interest,£0.945616,,£6.205042,0.946,28/10/2023
29/10/2023 08:14:00,Premium Interest,£0.945616,,£7.150658,0.946,29/10/2023
30/10/2023 08:11:00,Premium Interest,£0.945616,,£8.096274,0.946,30/10/2023
31/10/2023 08:13:00,Premium Interest,£0.945616,,£9.041890,0.946,31/10/2023
01/11/2023 08:15:00,Premium Interest,£0.945616,,£9.987506,0.946,01/11/2023
02/11/2023 08:14:00,Transfer to Premium,,£10.000000,£0.933122,-10.000,02/11/2023
02/11/2023 08:14:00,Premium Interest,£0.945616,,£10.933122,0.946,02/11/2023
03/11/2023 08:13:00,Premium Interest,£0.947397,,£1.880519,0.947,03/11/2023
04/11/2023 08:16:00,Premium Interest,£0.947397,,£2.827916,0.947,04/11/2023
05/11/2023 08:15:00,Premium Interest,£0.947397,,£3.775313,0.947,05/11/2023
06/11/2023 08:17:00,Premium Interest,£0.947397,,£4.722710,0.947,06/11/2023
07/11/2023 08:15:00,Premium Interest,£0.947397,,£5.670107,0.947,07/11/2023
08/11/2023 08:15:00,Premium Interest,£0.947397,,£6.617504,0.947,08/11/2023
09/11/2023 08:20:00,Premium Interest,£0.947397,,£7.564901,0.947,09/11/2023
10/11/2023 08:14:00,Premium Interest,£0.947397,,£8.512298,0.947,10/11/2023
11/11/2023 08:23:00,Premium Interest,£0.947397,,£9.459695,0.947,11/11/2023
12/11/2023 08:10:00,Transfer to Premium,,£10.000000,£0.407092,-10.000,12/11/2023
12/11/2023 08:10:00,Premium Interest,£0.947397,,£10.407092,0.947,12/11/2023
13/11/2023 08:14:00,Premium Interest,£0.949178,,£1.356270,0.949,13/11/2023
14/11/2023 08:14:00,Premium Interest,£0.949178,,£2.305448,0.949,14/11/2023
15/11/2023 08:13:00,Premium Interest,£0.949178,,£3.254626,0.949,15/11/2023
16/11/2023 08:15:00,Premium Interest,£0.949178,,£4.203804,0.949,16/11/2023
17/11/2023 08:14:00,Premium Interest,£0.949178,,£5.152982,0.949,17/11/2023
18/11/2023 08:19:00,Premium Interest,£0.949178,,£6.102160,0.949,18/11/2023
19/11/2023 08:15:00,Premium Interest,£0.949178,,£7.051338,0.949,19/11/2023
20/11/2023 08:11:00,Premium Interest,£0.949178,,£8.000516,0.949,20/11/2023
21/11/2023 08:12:00,Premium Interest,£0.949178,,£8.949694,0.949,21/11/2023
22/11/2023 08:14:00,Premium Interest,£0.949178,,£9.898872,0.949,22/11/2023
23/11/2023 08:14:00,Transfer to Premium,,£10.000000,£0.848050,-10.000,23/11/2023
23/11/2023 08:14:00,Premium Interest,£0.949178,,£10.848050,0.949,23/11/2023
24/11/2023 08:12:00,Premium Interest,£0.950958,,£1.799008,0.951,24/11/2023
25/11/2023 08:13:00,Premium Interest,£0.950958,,£2.749966,0.951,25/11/2023
26/11/2023 08:12:00,Premium Interest,£0.950958,,£3.700924,0.951,26/11/2023
27/11/2023 08:12:00,Premium Interest,£0.950958,,£4.651882,0.951,27/11/2023
28/11/2023 08:13:00,Premium Interest,£0.950958,,£5.602840,0.951,28/11/2023
29/11/2023 08:16:00,Premium Interest,£0.950958,,£6.553798,0.951,29/11/2023
30/11/2023 08:14:00,Premium Interest,£0.950958,,£7.504756,0.951,30/11/2023
01/12/2023 08:15:00,Premium Interest,£0.950958,,£8.455714,0.951,01/12/2023
02/12/2023 08:14:00,Premium Interest,£0.950958,,£9.406672,0.951,02/12/2023
03/12/2023 08:14:00,Transfer to Premium,,£10.000000,£0.357630,-10.000,03/12/2023
03/12/2023 08:14:00,Premium Interest,£0.950958,,£10.357630,0.951,03/12/2023
04/12/2023 08:14:00,Premium Interest,£0.952739,,£1.310369,0.953,04/12/2023
05/12/2023 08:20:00,Premium Interest,£0.952739,,£2.263108,0.953,05/12/2023
06/12/2023 08:12:00,Premium Interest,£0.952739,,£3.215847,0.953,06/12/2023
07/12/2023 08:17:00,Premium Interest,£0.952739,,£4.168586,0.953,07/12/2023
08/12/2023 08:18:00,Premium Interest,£0.952739,,£5.121325,0.953,08/12/2023
09/12/2023 08:14:00,Premium Interest,£0.952739,,£6.074064,0.953,09/12/2023
10/12/2023 08:15:00,Premium Interest,£0.952739,,£7.026803,0.953,10/12/2023
11/12/2023 08:11:00,Premium Interest,£0.952739,,£7.979542,0.953,11/12/2023
12/12/2023 08:12:00,Premium Interest,£0.952739,,£8.932281,0.953,12/12/2023
13/12/2023 08:16:00,Premium Interest,£0.952739,,£9.885020,0.953,13/12/2023
14/12/2023 08:14:00,Transfer to Premium,,£10.000000,£0.837759,-10.000,14/12/2023
14/12/2023 08:14:00,Premium Interest,£0.952739,,£10.837759,0.953,14/12/2023
15/12/2023 08:17:00,Premium Interest,£0.954520,,£1.792279,0.955,15/12/2023
16/12/2023 08:15:00,Premium Interest,£0.954520,,£2.746799,0.955,16/12/2023
17/12/2023 08:14:00,Premium Interest,£0.954520,,£3.701319,0.955,17/12/2023
18/12/2023 08:11:00,Premium Interest,£0.954520,,£4.655839,0.955,18/12/2023
19/12/2023 08:16:00,Premium Interest,£0.954520,,£5.610359,0.955,19/12/2023
20/12/2023 08:16:00,Premium Interest,£0.954520,,£6.564879,0.955,20/12/2023
21/12/2023 08:18:00,Premium Interest,£0.954520,,£7.519399,0.955,21/12/2023
22/12/2023 08:17:00,Premium Interest,£0.954520,,£8.473919,0.955,22/12/2023
23/12/2023 08:15:00,Premium Interest,£0.954520,,£9.428439,0.955,23/12/2023
24/12/2023 08:13:00,Transfer to Premium,,£10.000000,£0.382959,-10.000,24/12/2023
24/12/2023 08:13:00,Premium Interest,£0.954520,,£10.382959,0.955,24/12/2023
25/12/2023 08:13:00,Premium Interest,£0.956301,,£1.339260,0.956,25/12/2023
26/12/2023 08:14:00,Premium Interest,£0.956301,,£2.295561,0.956,26/12/2023
27/12/2023 08:17:00,Premium Interest,£0.956301,,£3.251862,0.956,27/12/2023
28/12/2023 08:16:00,Premium Interest,£0.956301,,£4.208163,0.956,28/12/2023
29/12/2023 08:15:00,Premium Interest,£0.956301,,£5.164464,0.956,29/12/2023
30/12/2023 08:15:00,Premium Interest,£0.956301,,£6.120765,0.956,30/12/2023
31/12/2023 08:14:00,Premium Interest,£0.956301,,£7.077066,0.956,31/12/2023
01/01/2024 08:15:00,Premium Interest,£0.956301,,£8.033367,0.956,01/01/2024
02/01/2024 08:14:00,Premium Interest,£0.953688,,£8.987055,0.954,02/01/2024
03/01/2024 08:21:00,Premium Interest,£0.953688,,£9.940743,0.954,03/01/2024
04/01/2024 08:16:00,Transfer to Premium,,£10.000000,£0.894431,-10.000,04/01/2024
04/01/2024 08:16:00,Premium Interest,£0.953688,,£10.894431,0.954,04/01/2024
05/01/2024 08:17:00,Premium Interest,£0.955464,,£1.849895,0.955,05/01/2024
06/01/2024 08:15:00,Premium Interest,£0.955464,,£2.805359,0.955,06/01/2024
07/01/2024 08:15:00,Premium Interest,£0.955464,,£3.760823,0.955,07/01/2024
08/01/2024 08:13:00,Premium Interest,£0.955464,,£4.716287,0.955,08/01/2024
09/01/2024 08:20:00,Premium Interest,£0.955464,,£5.671751,0.955,09/01/2024
10/01/2024 08:13:00,Premium Interest,£0.955464,,£6.627215,0.955,10/01/2024
11/01/2024 08:15:00,Premium Interest,£0.955464,,£7.582679,0.955,11/01/2024
12/01/2024 08:17:00,Premium Interest,£0.955464,,£8.538143,0.955,12/01/2024
13/01/2024 08:13:00,Premium Interest,£0.955464,,£9.493607,0.955,13/01/2024
14/01/2024 08:14:00,Transfer to Premium,,£10.000000,£0.449071,-10.000,14/01/2024
14/01/2024 08:14:00,Premium Interest,£0.955464,,£10.449071,0.955,14/01/2024
15/01/2024 08:14:00,Premium Interest,£0.957240,,£1.406311,0.957,15/01/2024
16/01/2024 08:18:00,Premium Interest,£0.957240,,£2.363551,0.957,16/01/2024
17/01/2024 08:18:00,Premium Interest,£0.957240,,£3.320791,0.957,17/01/2024
18/01/2024 08:17:00,Premium Interest,£0.957240,,£4.278031,0.957,18/01/2024
19/01/2024 08:17:00,Premium Interest,£0.957240,,£5.235271,0.957,19/01/2024
20/01/2024 08:17:00,Premium Interest,£0.957240,,£6.192511,0.957,20/01/2024
21/01/2024 08:17:00,Premium Interest,£0.957240,,£7.149751,0.957,21/01/2024
22/01/2024 08:15:00,Premium Interest,£0.957240,,£8.106991,0.957,22/01/2024
23/01/2024 08:18:00,Premium Interest,£0.957240,,£9.064231,0.957,23/01/2024
24/01/2024 08:20:00,Transfer to Premium,,£10.000000,£0.021471,-10.000,24/01/2024
24/01/2024 08:20:00,Premium Interest,£0.957240,,£10.021471,0.957,24/01/2024
25/01/2024 08:19:00,Premium Interest,£0.959016,,£0.980487,0.959,25/01/2024
26/01/2024 08:18:00,Premium Interest,£0.959016,,£1.939503,0.959,26/01/2024
27/01/2024 08:13:00,Premium Interest,£0.959016,,£2.898519,0.959,27/01/2024
28/01/2024 08:19:00,Premium Interest,£0.959016,,£3.857535,0.959,28/01/2024
29/01/2024 08:14:00,Premium Interest,£0.959016,,£4.816551,0.959,29/01/2024
30/01/2024 08:17:00,Premium Interest,£0.959016,,£5.775567,0.959,30/01/2024
31/01/2024 08:18:00,Premium Interest,£0.959016,,£6.734583,0.959,31/01/2024
01/02/2024 08:19:00,Premium Interest,£0.959016,,£7.693599,0.959,01/02/2024
02/02/2024 08:18:00,Premium Interest,£0.959016,,£8.652615,0.959,02/02/2024
03/02/2024 08:18:00,Premium Interest,£0.959016,,£9.611631,0.959,03/02/2024
04/02/2024 08:15:00,Transfer to Premium,,£10.000000,£0.570647,-10.000,04/02/2024
04/02/2024 08:15:00,Premium Interest,£0.959016,,£10.570647,0.959,04/02/2024
05/02/2024 08:14:00,Premium Interest,£0.960792,,£1.531439,0.961,05/02/2024
06/02/2024 08:21:00,Premium Interest,£0.960792,,£2.492231,0.961,06/02/2024
07/02/2024 08:15:00,Premium Interest,£0.960792,,£3.453023,0.961,07/02/2024
08/02/2024 08:18:00,Premium Interest,£0.960792,,£4.413815,0.961,08/02/2024
09/02/2024 08:13:00,Premium Interest,£0.960792,,£5.374607,0.961,09/02/2024
10/02/2024 08:15:00,Premium Interest,£0.960792,,£6.335399,0.961,10/02/2024
11/02/2024 08:14:00,Premium Interest,£0.960792,,£7.296191,0.961,11/02/2024
12/02/2024 08:15:00,Premium Interest,£0.960792,,£8.256983,0.961,12/02/2024
13/02/2024 08:13:00,Premium Interest,£0.960792,,£9.217775,0.961,13/02/2024
14/02/2024 08:16:00,Transfer to Premium,,£10.000000,£0.178567,-10.000,14/02/2024
14/02/2024 08:16:00,Premium Interest,£0.960792,,£10.178567,0.961,14/02/2024
15/02/2024 08:15:00,Premium Interest,£0.962568,,£1.141135,0.963,15/02/2024
16/02/2024 08:16:00,Premium Interest,£0.962568,,£2.103703,0.963,16/02/2024
17/02/2024 08:14:00,Premium Interest,£0.962568,,£3.066271,0.963,17/02/2024
18/02/2024 08:17:00,Premium Interest,£0.962568,,£4.028839,0.963,18/02/2024
19/02/2024 08:15:00,Premium Interest,£0.962568,,£4.991407,0.963,19/02/2024
20/02/2024 08:20:00,Premium Interest,£0.962568,,£5.953975,0.963,20/02/2024
21/02/2024 08:17:00,Premium Interest,£0.962568,,£6.916543,0.963,21/02/2024
22/02/2024 08:20:00,Premium Interest,£0.962568,,£7.879111,0.963,22/02/2024
23/02/2024 08:16:00,Premium Interest,£0.962568,,£8.841679,0.963,23/02/2024
24/02/2024 08:17:00,Premium Interest,£0.962568,,£9.804247,0.963,24/02/2024
25/02/2024 08:16:00,Transfer to Premium,,£10.000000,£0.766815,-10.000,25/02/2024
25/02/2024 08:16:00,Premium Interest,£0.962568,,£10.766815,0.963,25/02/2024
26/02/2024 08:14:00,Premium Interest,£0.964344,,£1.731159,0.964,26/02/2024
27/02/2024 08:17:00,Premium Interest,£0.964344,,£2.695503,0.964,27/02/2024
28/02/2024 08:17:00,Premium Interest,£0.964344,,£3.659847,0.964,28/02/2024
29/02/2024 08:15:00,Premium Interest,£0.964344,,£4.624191,0.964,29/02/2024
01/03/2024 08:21:00,Premium Interest,£0.964344,,£5.588535,0.964,01/03/2024
02/03/2024 08:20:00,Premium Interest,£0.964344,,£6.552879,0.964,02/03/2024
03/03/2024 08:12:00,Premium Interest,£0.964344,,£7.517223,0.964,03/03/2024
04/03/2024 08:15:00,Premium Interest,£0.964344,,£8.481567,0.964,04/03/2024
05/03/2024 08:17:00,Premium Interest,£0.964344,,£9.445911,0.964,05/03/2024
06/03/2024 08:22:00,Transfer to Premium,,£10.000000,£0.410255,-10.000,06/03/2024
06/03/2024 08:22:00,Premium Interest,£0.964344,,£10.410255,0.964,06/03/2024
07/03/2024 08:17:00,Premium Interest,£0.966120,,£1.376375,0.966,07/03/2024
08/03/2024 08:25:00,Premium Interest,£0.966120,,£2.342495,0.966,08/03/2024
09/03/2024 08:19:00,Premium Interest,£0.966120,,£3.308615,0.966,09/03/2024
10/03/2024 08:14:00,Premium Interest,£0.966120,,£4.274735,0.966,10/03/2024
11/03/2024 08:13:00,Premium Interest,£0.966120,,£5.240855,0.966,11/03/2024
12/03/2024 08:22:00,Premium Interest,£0.966120,,£6.206975,0.966,12/03/2024
13/03/2024 08:17:00,Premium Interest,£0.966120,,£7.173095,0.966,13/03/2024
14/03/2024 08:17:00,Premium Interest,£0.966120,,£8.139215,0.966,14/03/2024
15/03/2024 08:16:00,Premium Interest,£0.966120,,£9.105335,0.966,15/03/2024
16/03/2024 08:19:00,Transfer to Premium,,£10.000000,£0.071455,-10.000,16/03/2024
16/03/2024 08:19:00,Premium Interest,£0.966120,,£10.071455,0.966,16/03/2024
17/03/2024 08:18:00,Premium Interest,£0.967896,,£1.039351,0.968,17/03/2024
18/03/2024 08:22:00,Premium Interest,£0.967896,,£2.007247,0.968,18/03/2024
19/03/2024 08:20:00,Premium Interest,£0.967896,,£2.975143,0.968,19/03/2024
20/03/2024 08:18:00,Premium Interest,£0.967896,,£3.943039,0.968,20/03/2024
21/03/2024 08:15:00,Premium Interest,£0.967896,,£4.910935,0.968,21/03/2024
22/03/2024 08:18:00,Premium Interest,£0.967896,,£5.878831,0.968,22/03/2024
23/03/2024 08:19:00,Premium Interest,£0.967896,,£6.846727,0.968,23/03/2024
24/03/2024 08:15:00,Premium Interest,£0.967896,,£7.814623,0.968,24/03/2024
25/03/2024 08:19:00,Premium Interest,£0.967896,,£8.782519,0.968,25/03/2024
26/03/2024 08:24:00,Premium Interest,£0.967896,,£9.750415,0.968,26/03/2024
27/03/2024 08:20:00,Transfer to Premium,,£10.000000,£0.718311,-10.000,27/03/2024
27/03/2024 08:20:00,Premium Interest,£0.967896,,£10.718311,0.968,27/03/2024
28/03/2024 08:17:00,Premium Interest,£0.969672,,£1.687983,0.970,28/03/2024
29/03/2024 08:20:00,Premium Interest,£0.969672,,£2.657655,0.970,29/03/2024
30/03/2024 08:16:00,Premium Interest,£0.969672,,£3.627327,0.970,30/03/2024
31/03/2024 08:13:00,Premium Interest,£0.969672,,£4.596999,0.970,31/03/2024
01/04/2024 08:19:00,Premium Interest,£0.969672,,£5.566671,0.970,01/04/2024
02/04/2024 08:14:00,Premium Interest,£0.969672,,£6.536343,0.970,02/04/2024
03/04/2024 08:31:00,Premium Interest,£0.969672,,£7.506015,0.970,03/04/2024
04/04/2024 08:20:00,Premium Interest,£0.969672,,£8.475687,0.970,04/04/2024
05/04/2024 08:19:00,Premium Interest,£0.969672,,£9.445359,0.970,05/04/2024
06/04/2024 08:15:00,Premium Interest,£0.969672,,£10.415031,0.970,06/04/2024
06/04/2024 08:16:00,Transfer to Premium,,£10.000000,£0.415031,-10.000,06/04/2024
07/04/2024 08:17:00,Premium Interest,£0.971448,,£1.386479,0.971,07/04/2024
08/04/2024 08:15:00,Premium Interest,£0.971448,,£2.357927,0.971,08/04/2024
09/04/2024 08:26:00,Premium Interest,£0.971448,,£3.329375,0.971,09/04/2024
10/04/2024 08:21:00,Premium Interest,£0.971448,,£4.300823,0.971,10/04/2024
11/04/2024 08:21:00,Premium Interest,£0.971448,,£5.272271,0.971,11/04/2024
12/04/2024 08:20:00,Premium Interest,£0.971448,,£6.243719,0.971,12/04/2024
13/04/2024 08:16:00,Premium Interest,£0.971448,,£7.215167,0.971,13/04/2024
14/04/2024 08:16:00,Premium Interest,£0.971448,,£8.186615,0.971,14/04/2024
15/04/2024 08:18:00,Premium Interest,£0.971448,,£9.158063,0.971,15/04/2024
16/04/2024 08:21:00,Transfer to Premium,,£10.000000,£0.129511,-10.000,16/04/2024
16/04/2024 08:21:00,Premium Interest,£0.971448,,£10.129511,0.971,16/04/2024
17/04/2024 08:20:00,Premium Interest,£0.973224,,£1.102735,0.973,17/04/2024
18/04/2024 08:22:00,Premium Interest,£0.973224,,£2.075959,0.973,18/04/2024
19/04/2024 08:20:00,Premium Interest,£0.973224,,£3.049183,0.973,19/04/2024
20/04/2024 08:19:00,Premium Interest,£0.973224,,£4.022407,0.973,20/04/2024
21/04/2024 08:22:00,Premium Interest,£0.973224,,£4.995631,0.973,21/04/2024
22/04/2024 08:17:00,Premium Interest,£0.973224,,£5.968855,0.973,22/04/2024
23/04/2024 08:23:00,Premium Interest,£0.973224,,£6.942079,0.973,23/04/2024
24/04/2024 08:23:00,Premium Interest,£0.973224,,£7.915303,0.973,24/04/2024
25/04/2024 08:18:00,Premium Interest,£0.973224,,£8.888527,0.973,25/04/2024
26/04/2024 08:25:00,Premium Interest,£0.973224,,£9.861751,0.973,26/04/2024
27/04/2024 08:20:00,Transfer to Premium,,£10.000000,£0.834975,-10.000,27/04/2024
27/04/2024 08:20:00,Premium Interest,£0.973224,,£10.834975,0.973,27/04/2024
28/04/2024 08:18:00,Premium Interest,£0.975000,,£1.809975,0.975,28/04/2024
29/04/2024 08:21:00,Premium Interest,£0.975000,,£2.784975,0.975,29/04/2024
30/04/2024 08:17:00,Premium Interest,£0.975000,,£3.759975,0.975,30/04/2024
01/05/2024 08:18:00,Premium Interest,£0.975000,,£4.734975,0.975,01/05/2024
02/05/2024 08:23:00,Premium Interest,£0.975000,,£5.709975,0.975,02/05/2024
03/05/2024 08:24:00,Premium Interest,£0.975000,,£6.684975,0.975,03/05/2024
04/05/2024 08:21:00,Premium Interest,£0.975000,,£7.659975,0.975,04/05/2024
05/05/2024 08:23:00,Premium Interest,£0.975000,,£8.634975,0.975,05/05/2024
06/05/2024 08:19:00,Premium Interest,£0.975000,,£9.609975,0.975,06/05/2024
07/05/2024 08:17:00,Transfer to Premium,,£10.000000,£0.584975,-10.000,07/05/2024
07/05/2024 08:17:00,Premium Interest,£0.975000,,£10.584975,0.975,07/05/2024
08/05/2024 08:20:00,Premium Interest,£0.976775,,£1.561750,0.977,08/05/2024
09/05/2024 08:20:00,Premium Interest,£0.976775,,£2.538525,0.977,09/05/2024
10/05/2024 08:18:00,Premium Interest,£0.976775,,£3.515300,0.977,10/05/2024
11/05/2024 08:30:00,Premium Interest,£0.976775,,£4.492075,0.977,11/05/2024
12/05/2024 08:21:00,Premium Interest,£0.976775,,£5.468850,0.977,12/05/2024
13/05/2024 08:19:00,Premium Interest,£0.976775,,£6.445625,0.977,13/05/2024
14/05/2024 08:25:00,Premium Interest,£0.976775,,£7.422400,0.977,14/05/2024
15/05/2024 08:20:00,Premium Interest,£0.976775,,£8.399175,0.977,15/05/2024
16/05/2024 08:22:00,Premium Interest,£0.976775,,£9.375950,0.977,16/05/2024
17/05/2024 08:27:00,Transfer to Premium,,£10.000000,£0.352725,-10.000,17/05/2024
17/05/2024 08:27:00,Premium Interest,£0.976775,,£10.352725,0.977,17/05/2024
18/05/2024 08:19:00,Premium Interest,£0.978551,,£1.331276,0.979,18/05/2024
19/05/2024 08:19:00,Premium Interest,£0.978551,,£2.309827,0.979,19/05/2024
20/05/2024 08:20:00,Premium Interest,£0.978551,,£3.288378,0.979,20/05/2024
21/05/2024 08:22:00,Premium Interest,£0.978551,,£4.266929,0.979,21/05/2024
22/05/2024 08:20:00,Premium Interest,£0.978551,,£5.245480,0.979,22/05/2024
23/05/2024 08:20:00,Premium Interest,£0.978551,,£6.224031,0.979,23/05/2024
24/05/2024 08:24:00,Premium Interest,£0.978551,,£7.202582,0.979,24/05/2024
25/05/2024 08:21:00,Premium Interest,£0.978551,,£8.181133,0.979,25/05/2024
26/05/2024 08:16:00,Premium Interest,£0.978551,,£9.159684,0.979,26/05/2024
27/05/2024 08:17:00,Transfer to Premium,,£10.000000,£0.138235,-10.000,27/05/2024
27/05/2024 08:17:00,Premium Interest,£0.978551,,£10.138235,0.979,27/05/2024
28/05/2024 08:17:00,Premium Interest,£0.980327,,£1.118562,0.980,28/05/2024
29/05/2024 08:21:00,Premium Interest,£0.980327,,£2.098889,0.980,29/05/2024
30/05/2024 08:23:00,Premium Interest,£0.980327,,£3.079216,0.980,30/05/2024
31/05/2024 08:26:00,Premium Interest,£0.980327,,£4.059543,0.980,31/05/2024
01/06/2024 08:22:00,Premium Interest,£0.980327,,£5.039870,0.980,01/06/2024
02/06/2024 08:22:00,Premium Interest,£0.980327,,£6.020197,0.980,02/06/2024
03/06/2024 08:27:00,Premium Interest,£0.980327,,£7.000524,0.980,03/06/2024
04/06/2024 08:21:00,Premium Interest,£0.980327,,£7.980851,0.980,04/06/2024
05/06/2024 08:20:00,Premium Interest,£0.980327,,£8.961178,0.980,05/06/2024
06/06/2024 08:24:00,Premium Interest,£0.980327,,£9.941505,0.980,06/06/2024
07/06/2024 08:29:00,Transfer to Premium,,£10.000000,£0.921832,-10.000,07/06/2024
07/06/2024 08:29:00,Premium Interest,£0.980327,,£10.921832,0.980,07/06/2024
08/06/2024 08:18:00,Premium Interest,£0.982103,,£1.903935,0.982,08/06/2024
09/06/2024 08:22:00,Premium Interest,£0.982103,,£2.886038,0.982,09/06/2024
10/06/2024 08:22:00,Premium Interest,£0.982103,,£3.868141,0.982,10/06/2024
11/06/2024 08:17:00,Premium Interest,£0.982103,,£4.850244,0.982,11/06/2024
12/06/2024 08:19:00,Premium Interest,£0.982103,,£5.832347,0.982,12/06/2024
13/06/2024 08:20:00,Premium Interest,£0.982103,,£6.814450,0.982,13/06/2024
14/06/2024 08:18:00,Premium Interest,£0.982103,,£7.796553,0.982,14/06/2024
15/06/2024 08:18:00,Premium Interest,£0.982103,,£8.778656,0.982,15/06/2024
16/06/2024 08:15:00,Premium Interest,£0.982103,,£9.760759,0.982,16/06/2024
17/06/2024 08:17:00,Transfer to Premium,,£10.000000,£0.742862,-10.000,17/06/2024
17/06/2024 08:17:00,Premium Interest,£0.982103,,£10.742862,0.982,17/06/2024
18/06/2024 08:19:00,Premium Interest,£0.983879,,£1.726741,0.984,18/06/2024
19/06/2024 08:18:00,Premium Interest,£0.983879,,£2.710620,0.984,19/06/2024
20/06/2024 08:22:00,Premium Interest,£0.983879,,£3.694499,0.984,20/06/2024
21/06/2024 08:18:00,Premium Interest,£0.983879,,£4.678378,0.984,21/06/2024
22/06/2024 08:20:00,Premium Interest,£0.983879,,£5.662257,0.984,22/06/2024
23/06/2024 08:16:00,Premium Interest,£0.983879,,£6.646136,0.984,23/06/2024
24/06/2024 08:19:00,Premium Interest,£0.983879,,£7.630015,0.984,24/06/2024
25/06/2024 08:20:00,Premium Interest,£0.983879,,£8.613894,0.984,25/06/2024
26/06/2024 08:17:00,Premium Interest,£0.983879,,£9.597773,0.984,26/06/2024
27/06/2024 08:21:00,Transfer to Premium,,£10.000000,£0.581652,-10.000,27/06/2024
27/06/2024 08:21:00,Premium Interest,£0.983879,,£10.581652,0.984,27/06/2024
28/06/2024 08:19:00,Premium Interest,£0.985655,,£1.567307,0.986,28/06/2024
29/06/2024 08:22:00,Premium Interest,£0.985655,,£2.552962,0.986,29/06/2024
30/06/2024 08:22:00,Premium Interest,£0.985655,,£3.538617,0.986,30/06/2024
01/07/2024 08:16:00,Premium Interest,£0.985655,,£4.524272,0.986,01/07/2024
02/07/2024 08:26:00,Premium Interest,£0.985655,,£5.509927,0.986,02/07/2024
03/07/2024 08:23:00,Premium Interest,£0.985655,,£6.495582,0.986,03/07/2024
04/07/2024 08:23:00,Premium Interest,£0.985655,,£7.481237,0.986,04/07/2024
05/07/2024 08:22:00,Premium Interest,£0.985655,,£8.466892,0.986,05/07/2024
06/07/2024 08:27:00,Premium Interest,£0.985655,,£9.452547,0.986,06/07/2024
07/07/2024 08:21:00,Transfer to Premium,,£10.000000,£0.438202,-10.000,07/07/2024
07/07/2024 08:21:00,Premium Interest,£0.985655,,£10.438202,0.986,07/07/2024
08/07/2024 08:24:00,Premium Interest,£0.987431,,£1.425633,0.987,08/07/2024
09/07/2024 08:25:00,Premium Interest,£0.987431,,£2.413064,0.987,09/07/2024
10/07/2024 08:21:00,Premium Interest,£0.987431,,£3.400495,0.987,10/07/2024
11/07/2024 08:17:00,Premium Interest,£0.987431,,£4.387926,0.987,11/07/2024
12/07/2024 08:19:00,Premium Interest,£0.987431,,£5.375357,0.987,12/07/2024
13/07/2024 08:24:00,Premium Interest,£0.987431,,£6.362788,0.987,13/07/2024
14/07/2024 08:19:00,Premium Interest,£0.987431,,£7.350219,0.987,14/07/2024
15/07/2024 08:15:00,Premium Interest,£0.987431,,£8.337650,0.987,15/07/2024
16/07/2024 08:21:00,Premium Interest,£0.987431,,£9.325081,0.987,16/07/2024
17/07/2024 08:23:00,Transfer to Premium,,£10.000000,£0.312512,-10.000,17/07/2024
17/07/2024 08:23:00,Premium Interest,£0.987431,,£10.312512,0.987,17/07/2024
18/07/2024 08:30:00,Premium Interest,£0.989207,,£1.301719,0.989,18/07/2024
19/07/2024 08:25:00,Premium Interest,£0.989207,,£2.290926,0.989,19/07/2024
20/07/2024 08:20:00,Premium Interest,£0.989207,,£3.280133,0.989,20/07/2024
21/07/2024 08:19:00,Premium Interest,£0.989207,,£4.269340,0.989,21/07/2024
22/07/2024 08:24:00,Premium Interest,£0.989207,,£5.258547,0.989,22/07/2024
23/07/2024 08:22:00,Premium Interest,£0.989207,,£6.247754,0.989,23/07/2024
24/07/2024 08:22:00,Premium Interest,£0.989207,,£7.236961,0.989,24/07/2024
25/07/2024 08:22:00,Premium Interest,£0.989207,,£8.226168,0.989,25/07/2024
26/07/2024 08:32:00,Premium Interest,£0.989207,,£9.215375,0.989,26/07/2024
27/07/2024 08:24:00,Transfer to Premium,,£10.000000,£0.204582,-10.000,27/07/2024
27/07/2024 08:24:00,Premium Interest,£0.989207,,£10.204582,0.989,27/07/2024
28/07/2024 08:21:00,Premium Interest,£0.990983,,£1.195565,0.991,28/07/2024
29/07/2024 08:28:00,Premium Interest,£0.990983,,£2.186548,0.991,29/07/2024
30/07/2024 08:23:00,Premium Interest,£0.990983,,£3.177531,0.991,30/07/2024
31/07/2024 08:27:00,Premium Interest,£0.990983,,£4.168514,0.991,31/07/2024
01/08/2024 08:24:00,Premium Interest,£0.990983,,£5.159497,0.991,01/08/2024
02/08/2024 08:25:00,Premium Interest,£0.990983,,£6.150480,0.991,02/08/2024
03/08/2024 08:21:00,Premium Interest,£0.990983,,£7.141463,0.991,03/08/2024
04/08/2024 08:20:00,Premium Interest,£0.990983,,£8.132446,0.991,04/08/2024
05/08/2024 08:24:00,Premium Interest,£0.990983,,£9.123429,0.991,05/08/2024
06/08/2024 08:23:00,Transfer to Premium,,£10.000000,£0.114412,-10.000,06/08/2024
06/08/2024 08:23:00,Premium Interest,£0.990983,,£10.114412,0.991,06/08/2024
07/08/2024 08:32:00,Premium Interest,£0.992759,,£1.107171,0.993,07/08/2024
08/08/2024 08:19:00,Premium Interest,£0.992759,,£2.099930,0.993,08/08/2024
09/08/2024 08:22:00,Premium Interest,£0.992759,,£3.092689,0.993,09/08/2024
10/08/2024 08:19:00,Premium Interest,£0.992759,,£4.085448,0.993,10/08/2024
11/08/2024 08:26:00,Premium Interest,£0.992759,,£5.078207,0.993,11/08/2024
12/08/2024 08:20:00,Premium Interest,£0.992759,,£6.070966,0.993,12/08/2024
13/08/2024 08:23:00,Premium Interest,£0.992759,,£7.063725,0.993,13/08/2024
14/08/2024 08:20:00,Premium Interest,£0.992759,,£8.056484,0.993,14/08/2024
15/08/2024 08:16:00,Premium Interest,£0.992759,,£9.049243,0.993,15/08/2024
16/08/2024 08:21:00,Transfer to Premium,,£10.000000,£0.042002,-10.000,16/08/2024
16/08/2024 08:21:00,Premium Interest,£0.992759,,£10.042002,0.993,16/08/2024
17/08/2024 08:30:00,Premium Interest,£0.994535,,£1.036537,0.995,17/08/2024
18/08/2024 08:18:00,Premium Interest,£0.994535,,£2.031072,0.995,18/08/2024
19/08/2024 08:17:00,Premium Interest,£0.994535,,£3.025607,0.995,19/08/2024
20/08/2024 08:23:00,Premium Interest,£0.994535,,£4.020142,0.995,20/08/2024
21/08/2024 08:16:00,Premium Interest,£0.994535,,£5.014677,0.995,21/08/2024
22/08/2024 08:19:00,Premium Interest,£0.994535,,£6.009212,0.995,22/08/2024
23/08/2024 08:18:00,Premium Interest,£0.994535,,£7.003747,0.995,23/08/2024
24/08/2024 08:21:00,Premium Interest,£0.994535,,£7.998282,0.995,24/08/2024
25/08/2024 08:18:00,Premium Interest,£0.994535,,£8.992817,0.995,25/08/2024
26/08/2024 08:19:00,Premium Interest,£0.994535,,£9.987352,0.995,26/08/2024
27/08/2024 08:19:00,Transfer to Premium,,£10.000000,£0.981887,-10.000,27/08/2024
27/08/2024 08:19:00,Premium Interest,£0.994535,,£10.981887,0.995,27/08/2024
28/08/2024 08:19:00,Premium Interest,£0.996311,,£1.978198,0.996,28/08/2024
29/08/2024 08:31:00,Premium Interest,£0.996311,,£2.974509,0.996,29/08/2024
30/08/2024 08:22:00,Premium Interest,£0.996311,,£3.970820,0.996,30/08/2024
31/08/2024 08:17:00,Premium Interest,£0.996311,,£4.967131,0.996,31/08/2024
01/09/2024 08:30:00,Premium Interest,£0.996311,,£5.963442,0.996,01/09/2024
02/09/2024 08:27:00,Premium Interest,£0.996311,,£6.959753,0.996,02/09/2024
03/09/2024 08:20:00,Premium Interest,£0.996311,,£7.956064,0.996,03/09/2024
04/09/2024 08:21:00,Premium Interest,£0.996311,,£8.952375,0.996,04/09/2024
05/09/2024 08:27:00,Premium Interest,£0.996311,,£9.948686,0.996,05/09/2024
06/09/2024 08:20:00,Transfer to Premium,,£10.000000,£0.944997,-10.000,06/09/2024
06/09/2024 08:20:00,Premium Interest,£0.996311,,£10.944997,0.996,06/09/2024
07/09/2024 08:30:00,Premium Interest,£0.998087,,£1.943084,0.998,07/09/2024
08/09/2024 08:18:00,Premium Interest,£0.998087,,£2.941171,0.998,08/09/2024
09/09/2024 08:19:00,Premium Interest,£0.998087,,£3.939258,0.998,09/09/2024
10/09/2024 08:30:00,Premium Interest,£0.998087,,£4.937345,0.998,10/09/2024
11/09/2024 08:22:00,Premium Interest,£0.998087,,£5.935432,0.998,11/09/2024
12/09/2024 08:26:00,Premium Interest,£0.998087,,£6.933519,0.998,12/09/2024
13/09/2024 08:27:00,Premium Interest,£0.998087,,£7.931606,0.998,13/09/2024
14/09/2024 08:28:00,Premium Interest,£0.998087,,£8.929693,0.998,14/09/2024
15/09/2024 08:18:00,Premium Interest,£0.998087,,£9.927780,0.998,15/09/2024
16/09/2024 08:21:00,Transfer to Premium,,£10.000000,£0.925867,-10.000,16/09/2024
16/09/2024 08:21:00,Premium Interest,£0.998087,,£10.925867,0.998,16/09/2024
17/09/2024 08:21:00,Premium Interest,£0.999863,,£1.925730,1.000,17/09/2024
18/09/2024 08:25:00,Premium Interest,£0.999863,,£2.925593,1.000,18/09/2024
19/09/2024 08:27:00,Premium Interest,£0.999863,,£3.925456,1.000,19/09/2024
20/09/2024 08:19:00,Premium Interest,£0.999863,,£4.925319,1.000,20/09/2024
21/09/2024 08:23:00,Premium Interest,£0.999863,,£5.925182,1.000,21/09/2024
22/09/2024 08:20:00,Premium Interest,£0.999863,,£6.925045,1.000,22/09/2024